pdf,page,table_label,caption,region_id,region_bbox,region_confidence,region_band,parser,succeeded,duration_ms,rows,cols,chunk_bbox,overlap,rule_category,recommended_action,needs_llm_judge,rule_confidence,rule_reasons,retry_attempted,retry_succeeded,retry_action,retry_rows,retry_cols,retry_overlap,retry_failure_reason,llm_judge_attempted,llm_failure_category,llm_recommended_action,llm_confidence,llm_reason,llm_error,rule_llm_agree,would_retry,would_adjust_bbox,would_drop_candidate,safe_auto_action,human_review_required,auto_action_allowed,auto_decision_reason,failure_reason,preview
Effects of Infant Formula With Human Milk Oligosaccharides on Growth and Morbidity A Randomized Multicenter Trial.pdf,4,Table 1,TABLE1. Baselinecharacteristicsofstudyparticipants,table_region_p4_68.5_583.3_325.5_804.2,"[68.535, 583.3052797999999, 325.48, 804.2265464999999]",1.0,strong,region_guided,True,166,12,3,"[76.53381, 589.376057725, 298.81311999999997, 779.8914287]",1.0,ok,accept,False,0.9,parser_output_passed_quality_checks,False,False,,0,0,0.0,,False,,,0.0,,,False,False,False,False,False,False,False,,,"| TABLE1. Baselinecharacteristicsofst | udyparticipants |  | | --- | --- | --- | | Infantcharacteristics Co | ntrol(n¼87) T | est(n¼8 | | Age,days | 7.7(cid:8)3.3 | 8.6(cid:8)3.3 | | Sex(n,%male) | 44(50.6) | 44(50.0) | | Gestationalage,wk "
Effects of Infant Formula With Human Milk Oligosaccharides on Growth and Morbidity A Randomized Multicenter Trial.pdf,5,Table 2,TABLE2. Comparisonofweightgainfromenrollmentto4monthsofagebetweengroups,table_region_p5_68.5_104.9_584.9_370.0,"[68.535, 104.93057980000003, 584.85, 369.9966545]",0.7,strong,region_guided,True,166,9,2,"[76.53343, 108.93057980000003, 576.9073666, 365.9522544999999]",1.0,header_or_span_complexity,retry_text_strategy,True,0.65,structural_quality:low_consistency,True,True,retry_text_strategy,9,2,1.0,,True,header_or_span_complexity,retry_text_strategy,0.65,"The table header spans multiple lines and contains merged column descriptors (e.g., 'Difference between groups (test control)') which the parser failed to separate correctly, resulting in a low-consistency structural quality and a garbled preview.",,True,True,False,False,True,False,False,shadow mode only; action is recorded but not applied,,"| TABLE2. Comparisonofweightgainfromenrollmentto4monthsofag | ebetweengroups | | --- | --- | |  | Differencebetweengroups (cid:2) | |  | (test(cid:3)control) | | Population Groups Weightgain,g/d | ayLSMean(SE) Estimate 95%CI | | PP Test(n¼7"
Effects of Infant Formula With Human Milk Oligosaccharides on Growth and Morbidity A Randomized Multicenter Trial.pdf,4,Table 1,TABLE1. Baselinecharacteristicsofstudyparticipants,table_region_p4_68.5_583.3_325.5_804.2,"[68.535, 583.3052797999999, 325.48, 804.2265464999999]",1.0,strong,pdfplumber,True,174,11,3,"[76.53381, 589.376057725, 298.81311999999997, 779.8914287]",1.0,ok,accept,False,0.9,parser_output_passed_quality_checks,False,False,,0,0,0.0,,False,,,0.0,,,False,False,False,False,False,False,False,,,"| Infantcharacteristics | Control(n¼87) | Test(n¼88) | | --- | --- | --- | | Age,days | 7.7(cid:8)3.3 | 8.6(cid:8)3.3 | | Sex(n,%male) | 44(50.6) | 44(50.0) | | Gestationalage,wk | 39.2(cid:8)1.0 | 39.2(cid:8)1.1 | | Modeofdelivery(n,%cesar"
Effects of Infant Formula With Human Milk Oligosaccharides on Growth and Morbidity A Randomized Multicenter Trial.pdf,5,Table 2,TABLE2. Comparisonofweightgainfromenrollmentto4monthsofagebetweengroups,table_region_p5_68.5_104.9_584.9_370.0,"[68.535, 104.93057980000003, 584.85, 369.9966545]",0.7,strong,pdfplumber,True,174,9,2,"[76.53343, 108.93057980000003, 576.9073666, 365.9522544999999]",1.0,header_or_span_complexity,retry_text_strategy,True,0.65,structural_quality:low_consistency,True,True,retry_text_strategy,9,2,1.0,,False,,,0.0,,,False,False,False,False,False,False,False,,,"| TABLE2. Comparisonofweightgainfromenrollmentto4monthsofag | ebetweengroups | | --- | --- | |  | Differencebetweengroups (cid:2) | |  | (test(cid:3)control) | | Population Groups Weightgain,g/d | ayLSMean(SE) Estimate 95%CI | | PP Test(n¼7"
Potential effects of a human milk oligosaccharide 6′‑sialyllactoseon angiotensin II‑induced aortic aneurysm via p90RSKTGF‑βSMAD2signaling pathway.pdf,4,Table 1,Table 1 Primers used for qRT-,table_region_p4_43.0_551.8_552.3_775.2,"[43.023601531, 551.755801026, 552.251480102, 775.2392]",1.0,strong,region_guided,True,172,12,4,"[43.023601531, 551.755801026, 552.251480102, 775.2392]",1.0,ok,accept,False,0.9,parser_output_passed_quality_checks,False,False,,0,0,0.0,,False,,,0.0,,,False,False,False,False,False,False,False,,,| Primers used for qRT- | Genes | Forward (5′-3′) | Reverse (5′-3′) | | --- | --- | --- | --- | |  |  | GCT CTC AAG GTC ATC CCA | GTTG TGT TTC CAC GCT TGG TTC ACT | |  |  | CCA ACT GAA CGT GAC CAA | AAA CCA GAA GGT GCT GGG TAG GGA AGT AGG C
Potential effects of a human milk oligosaccharide 6′‑sialyllactoseon angiotensin II‑induced aortic aneurysm via p90RSKTGF‑βSMAD2signaling pathway.pdf,4,Table 1,Table 1 Primers used for qRT-,table_region_p4_43.0_551.8_552.3_775.2,"[43.023601531, 551.755801026, 552.251480102, 775.2392]",1.0,strong,pdfplumber,True,147,12,4,"[43.023601531, 551.755801026, 552.251480102, 775.2392]",1.0,ok,accept,False,0.9,parser_output_passed_quality_checks,False,False,,0,0,0.0,,False,,,0.0,,,False,False,False,False,False,False,False,,,| Primers used for qRT- | Genes | Forward (5′-3′) | Reverse (5′-3′) | | --- | --- | --- | --- | |  |  | GCT CTC AAG GTC ATC CCA | GTTG TGT TTC CAC GCT TGG TTC ACT | |  |  | CCA ACT GAA CGT GAC CAA | AAA CCA GAA GGT GCT GGG TAG GGA AGT AGG C
蛋白质稳定性计算设计与定向进化前沿工具_阮青云.pdf,4,Table 1,Table 1 Definitions of stability parameters,table_region_p4_57.5_102.0_554.8_766.4,"[57.4804, 101.98945679999997, 554.8034, 766.3514759]",0.95,strong,region_guided,True,429,25,2,"[57.4804, 101.98945679999997, 554.8034, 766.3514759]",1.0,ok,accept,False,0.9,parser_output_passed_quality_checks,False,False,,0,0,0.0,,False,,,0.0,,,False,False,False,False,False,False,False,,,"| column 1 | column 2 | | --- | --- | | 符号 | 稳定性类型 | | ΔG UN | 热力学 | | ΔG NU | 热力学 | | ΔΔG | 热力学 | | T m | 热力学 | | C 1/2 | 热力学 | | K U | 热力学 | | k f | 动力学 | | k u | 动力学 | | k d, obs | 动力学 | | T 50 | ― | | t | 动力学 | | 度量 | 定义 | | 折叠自由能 | 蛋白质"
蛋白质稳定性计算设计与定向进化前沿工具_阮青云.pdf,9,Table 2,Table 2 Summary of software for protein stability rational design,table_region_p9_57.3_101.8_555.1_767.0,"[57.338499999999996, 101.84169839999993, 555.0654999999999, 766.9720391999999]",0.95,strong,region_guided,True,429,6,5,"[57.338499999999996, 101.84169839999993, 555.0654999999999, 766.9720391999999]",1.0,ok,accept,False,0.9,parser_output_passed_quality_checks,False,False,,0,0,0.0,,False,,,0.0,,,False,False,False,False,False,False,False,,,| 类别 | 软件名称 | 输入 | 网站/本地安装 | 参考文献 | | --- | --- | --- | --- | --- | | 基于结构分析 |  |  |  |  | | 优化蛋白质表面电荷 | TKSA-MC PHEPS | 结构 结构 | http://tksamc.df.ibilce.unesp.br http://pheps.orgchm.bas.bg/home.html | [47] [48] | | 基于温度因子 | B-FITTER | 结构 | 
蛋白质稳定性计算设计与定向进化前沿工具_阮青云.pdf,4,Table 1,Table 1 Definitions of stability parameters,table_region_p4_57.5_102.0_554.8_766.4,"[57.4804, 101.98945679999997, 554.8034, 766.3514759]",0.95,strong,pdfplumber,True,482,25,2,"[57.4804, 101.98945679999997, 554.8034, 766.3514759]",1.0,ok,accept,False,0.9,parser_output_passed_quality_checks,False,False,,0,0,0.0,,False,,,0.0,,,False,False,False,False,False,False,False,,,"| column 1 | column 2 | | --- | --- | | 符号 | 稳定性类型 | | ΔG UN | 热力学 | | ΔG NU | 热力学 | | ΔΔG | 热力学 | | T m | 热力学 | | C 1/2 | 热力学 | | K U | 热力学 | | k f | 动力学 | | k u | 动力学 | | k d, obs | 动力学 | | T 50 | ― | | t | 动力学 | | 度量 | 定义 | | 折叠自由能 | 蛋白质"
蛋白质稳定性计算设计与定向进化前沿工具_阮青云.pdf,9,Table 2,Table 2 Summary of software for protein stability rational design,table_region_p9_57.3_101.8_555.1_767.0,"[57.338499999999996, 101.84169839999993, 555.0654999999999, 766.9720391999999]",0.95,strong,pdfplumber,True,482,6,5,"[57.338499999999996, 101.84169839999993, 555.0654999999999, 766.9720391999999]",1.0,ok,accept,False,0.9,parser_output_passed_quality_checks,False,False,,0,0,0.0,,False,,,0.0,,,False,False,False,False,False,False,False,,,| 类别 | 软件名称 | 输入 | 网站/本地安装 | 参考文献 | | --- | --- | --- | --- | --- | | 基于结构分析 |  |  |  |  | | 优化蛋白质表面电荷 | TKSA-MC PHEPS | 结构 结构 | http://tksamc.df.ibilce.unesp.br http://pheps.orgchm.bas.bg/home.html | [47] [48] | | 基于温度因子 | B-FITTER | 结构 | 
19、两阶段pH控制对NeuAc产量的影响，Enhanced N‑acetyl‑d‑neuraminic production from glycerol and N‑acetyl‑d‑glucosamine by metabolically engineered Escherichia coli with a two‑stage pH‑shift control strategy.pdf,3,Table 1,Table 1 Neu5Ac production with different energy sources,table_region_p3_43.0_277.0_552.3_721.8,"[43.023601531, 276.98260766699997, 552.251995086, 721.770006958]",0.8,strong,region_guided,True,349,22,6,"[51.00708383200009, 281.98560766699995, 530.0840796755001, 719.27179657]",1.0,header_or_span_complexity,retry_text_strategy,True,0.65,structural_quality:low_consistency,True,True,retry_text_strategy,22,6,1.0,,False,,,0.0,,,False,False,False,False,False,False,False,,,| Energy sou | rce | Neu5Ac (g | L −1) | Productivity | (g Biomass | | --- | --- | --- | --- | --- | --- | |  |  |  |  | L−1 h−1) |  | | Glucose |  | 11.90 ± 0. | 24 | 0.175 | 10.29 ± | | Glycerol |  | 13.97 ± 0. | 27 | 0.205 | 10.49 ± | | 
19、两阶段pH控制对NeuAc产量的影响，Enhanced N‑acetyl‑d‑neuraminic production from glycerol and N‑acetyl‑d‑glucosamine by metabolically engineered Escherichia coli with a two‑stage pH‑shift control strategy.pdf,6,Table 2,Table 2  Neu5Ac production with different initial GlcNAc concentrations,table_region_p6_91.4_50.4_253.0_723.6,"[91.397598266, 50.38022656299995, 252.954703447174, 723.6087009100004]",0.65,strong,region_guided,False,349,0,0,,0.0,no_parser_output,retry_text_strategy,True,0.6,region_confidence=0.65 | words=173 | strong_caption_region_without_parser_output,True,False,retry_text_strategy,0,0,0.0,retry produced no overlapping table chunk,True,no_parser_output,retry_text_strategy,0.7,"The parser produced no output for a region with a strong caption and 173 words, indicating a text layer fragmentation or strategy mismatch; retrying with a different text extraction strategy may recover the table.",,True,True,False,False,True,False,False,shadow mode only; action is recorded but not applied,no overlapping table chunk produced for this region,
19、两阶段pH控制对NeuAc产量的影响，Enhanced N‑acetyl‑d‑neuraminic production from glycerol and N‑acetyl‑d‑glucosamine by metabolically engineered Escherichia coli with a two‑stage pH‑shift control strategy.pdf,3,Table 1,Table 1 Neu5Ac production with different energy sources,table_region_p3_43.0_277.0_552.3_721.8,"[43.023601531, 276.98260766699997, 552.251995086, 721.770006958]",0.8,strong,pdfplumber,True,457,22,6,"[51.00708383200009, 281.98560766699995, 530.0840796755001, 719.27179657]",1.0,header_or_span_complexity,retry_text_strategy,True,0.65,structural_quality:low_consistency,True,True,retry_text_strategy,22,6,1.0,,False,,,0.0,,,False,False,False,False,False,False,False,,,| Energy sou | rce | Neu5Ac (g | L −1) | Productivity | (g Biomass | | --- | --- | --- | --- | --- | --- | |  |  |  |  | L−1 h−1) |  | | Glucose |  | 11.90 ± 0. | 24 | 0.175 | 10.29 ± | | Glycerol |  | 13.97 ± 0. | 27 | 0.205 | 10.49 ± | | 
19、两阶段pH控制对NeuAc产量的影响，Enhanced N‑acetyl‑d‑neuraminic production from glycerol and N‑acetyl‑d‑glucosamine by metabolically engineered Escherichia coli with a two‑stage pH‑shift control strategy.pdf,6,Table 2,Table 2  Neu5Ac production with different initial GlcNAc concentrations,table_region_p6_91.4_50.4_253.0_723.6,"[91.397598266, 50.38022656299995, 252.954703447174, 723.6087009100004]",0.65,strong,pdfplumber,False,457,0,0,,0.0,no_parser_output,retry_text_strategy,True,0.6,region_confidence=0.65 | words=173 | strong_caption_region_without_parser_output,True,False,retry_text_strategy,0,0,0.0,retry produced no overlapping table chunk,False,,,0.0,,,False,False,False,False,False,False,False,,no overlapping table chunk produced for this region,
