pdf,page,table_label,caption,region_id,region_bbox,region_confidence,region_band,parser,succeeded,duration_ms,rows,cols,chunk_bbox,overlap,rule_category,recommended_action,needs_llm_judge,rule_confidence,rule_reasons,retry_attempted,retry_succeeded,retry_action,retry_rows,retry_cols,retry_overlap,retry_failure_reason,llm_judge_attempted,llm_failure_category,llm_recommended_action,llm_confidence,llm_reason,llm_error,rule_llm_agree,failure_reason,preview
2017 Increased dosage of AOX1.pdf,4,Table 1,Table 1. Reconciled macroscopic growth parameters of Rol-producing and reference strain in,table_region_p4_32.6_141.9_562.6_782.4,"[32.6379013, 141.86481738999998, 562.6379013, 782.362]",0.45,gray,region_guided,True,301,7,5,"[154.94539907232, 145.86481738999998, 554.8181969467602, 766.3624491599999]",1.0,ok,accept,False,0.9,parser_output_passed_quality_checks,False,False,,0,0,0.0,,False,,,0.0,,,False,,| Table 1. Reconciled macroscopic growth parameter | s of Rol-prod | ucin | g and refe | rence strain in | | --- | --- | --- | --- | --- | | glycerol:methanol chemostat cultures. Substrate cons | umption and | biom | ass produ | ction rates
2017 Increased dosage of AOX1.pdf,4,Table 1,Table 1. Reconciled macroscopic growth parameters of Rol-producing and reference strain in,table_region_p4_32.6_141.9_562.6_782.4,"[32.6379013, 141.86481738999998, 562.6379013, 782.362]",0.45,gray,pdfplumber,True,401,7,5,"[154.94539907232, 145.86481738999998, 554.8181969467602, 766.3624491599999]",1.0,ok,accept,False,0.9,parser_output_passed_quality_checks,False,False,,0,0,0.0,,False,,,0.0,,,False,,| Table 1. Reconciled macroscopic growth parameter | s of Rol-prod | ucin | g and refe | rence strain in | | --- | --- | --- | --- | --- | | glycerol:methanol chemostat cultures. Substrate cons | umption and | biom | ass produ | ction rates
2025  在大肠杆菌中生产磷酸化且功能性的αs1-酪蛋白（补充文件）.pdf,2,Supplementary Table 1,Supplementary table 1,table_region_p2_64.0_86.1_528.0_770.7,"[64.025, 86.05399999999997, 527.975, 770.7]",0.95,strong,region_guided,True,122,40,3,"[77.525, 143.64199999999994, 462.932, 738.312]",1.0,header_or_span_complexity,retry_text_strategy,True,0.65,structural_quality:low_consistency,True,True,retry_text_strategy,40,3,1.0,,True,header_or_span_complexity,retry_text_strategy,0.65,"The table has 40 rows and 3 columns but the preview shows merged header content and inconsistent column alignment, indicating complex header/span structures that the current text strategy failed to parse correctly.",,True,,| Name | Sequence |  | | --- | --- | --- | |  | MRPKHPIKHQGLPQEVLNENLLRFFVA |  | |  -casein s1 | PFPEVFGKEKVNELSKDIGSESTEDQAM | P02662 | |  | EDIKQMEAESISSSEEIVPNSVEQKHIQK |  | |  | EDVPSERYLGYLEQLLRLKKYKVPQLE |  | |  | IVPNSAEERLHSMKEGIHA
2025  在大肠杆菌中生产磷酸化且功能性的αs1-酪蛋白（补充文件）.pdf,4,Supplementary Table 2,Supplementary table 2,table_region_p4_64.0_84.7_414.9_721.4,"[64.025, 84.71600000000001, 414.92499999999995, 721.442218]",0.95,strong,region_guided,True,122,33,3,"[77.525, 142.63400000000001, 399.376, 658.784]",1.0,header_or_span_complexity,retry_text_strategy,True,0.65,structural_quality:low_consistency,True,True,retry_text_strategy,33,3,1.0,,True,header_or_span_complexity,retry_text_strategy,0.65,"The extracted table shows header/span complexity (e.g., merged cells, multi-line headers) and low structural consistency, leading to misalignment of columns and rows.",,True,,| restriction site used | for the vector digestion |  | | --- | --- | --- | | Name | Sequence | Restriction | |  |  | site | |  |  | (pET15B) | | PrkD_As1_for | TGCCGCTGTGGTAAGGTCG |  | |  | ACTAAGAAGGAGATATACC |  | |  | ATGGCATTAAAACTTCTAA
2025  在大肠杆菌中生产磷酸化且功能性的αs1-酪蛋白（补充文件）.pdf,2,Supplementary Table 1,Supplementary table 1,table_region_p2_64.0_86.1_528.0_770.7,"[64.025, 86.05399999999997, 527.975, 770.7]",0.95,strong,pdfplumber,True,134,40,3,"[77.525, 143.64199999999994, 462.932, 738.312]",1.0,header_or_span_complexity,retry_text_strategy,True,0.65,structural_quality:low_consistency,True,True,retry_text_strategy,40,3,1.0,,False,,,0.0,,,False,,| Name | Sequence |  | | --- | --- | --- | |  | MRPKHPIKHQGLPQEVLNENLLRFFVA |  | |  -casein s1 | PFPEVFGKEKVNELSKDIGSESTEDQAM | P02662 | |  | EDIKQMEAESISSSEEIVPNSVEQKHIQK |  | |  | EDVPSERYLGYLEQLLRLKKYKVPQLE |  | |  | IVPNSAEERLHSMKEGIHA
2025  在大肠杆菌中生产磷酸化且功能性的αs1-酪蛋白（补充文件）.pdf,4,Supplementary Table 2,Supplementary table 2,table_region_p4_64.0_84.7_414.9_721.4,"[64.025, 84.71600000000001, 414.92499999999995, 721.442218]",0.95,strong,pdfplumber,True,134,33,3,"[77.525, 142.63400000000001, 399.376, 658.784]",1.0,header_or_span_complexity,retry_text_strategy,True,0.65,structural_quality:low_consistency,True,True,retry_text_strategy,33,3,1.0,,False,,,0.0,,,False,,| restriction site used | for the vector digestion |  | | --- | --- | --- | | Name | Sequence | Restriction | |  |  | site | |  |  | (pET15B) | | PrkD_As1_for | TGCCGCTGTGGTAAGGTCG |  | |  | ACTAAGAAGGAGATATACC |  | |  | ATGGCATTAAAACTTCTAA
Effects of Infant Formula With Human Milk Oligosaccharides on Growth and Morbidity A Randomized Multicenter Trial.pdf,4,Table 1,TABLE1. Baselinecharacteristicsofstudyparticipants,table_region_p4_68.5_583.3_325.5_804.2,"[68.535, 583.3052797999999, 325.48, 804.2265464999999]",1.0,strong,region_guided,True,349,12,3,"[76.53381, 589.376057725, 298.81311999999997, 779.8914287]",1.0,ok,accept,False,0.9,parser_output_passed_quality_checks,False,False,,0,0,0.0,,False,,,0.0,,,False,,"| TABLE1. Baselinecharacteristicsofst | udyparticipants |  | | --- | --- | --- | | Infantcharacteristics Co | ntrol(n¼87) T | est(n¼8 | | Age,days | 7.7(cid:8)3.3 | 8.6(cid:8)3.3 | | Sex(n,%male) | 44(50.6) | 44(50.0) | | Gestationalage,wk "
Effects of Infant Formula With Human Milk Oligosaccharides on Growth and Morbidity A Randomized Multicenter Trial.pdf,5,Table 2,TABLE2. Comparisonofweightgainfromenrollmentto4monthsofagebetweengroups,table_region_p5_68.5_104.9_584.9_370.0,"[68.535, 104.93057980000003, 584.85, 369.9966545]",0.7,strong,region_guided,True,349,9,2,"[76.53343, 108.93057980000003, 576.9073666, 365.9522544999999]",1.0,header_or_span_complexity,retry_text_strategy,True,0.65,structural_quality:low_consistency,True,True,retry_text_strategy,9,2,1.0,,True,header_or_span_complexity,retry_text_strategy,0.65,"The table header spans multiple lines and contains merged or complex column labels (e.g., 'Difference between groups (test vs control)'), which the current text strategy failed to parse correctly, leading to low structural consistency.",,True,,"| TABLE2. Comparisonofweightgainfromenrollmentto4monthsofag | ebetweengroups | | --- | --- | |  | Differencebetweengroups (cid:2) | |  | (test(cid:3)control) | | Population Groups Weightgain,g/d | ayLSMean(SE) Estimate 95%CI | | PP Test(n¼7"
Effects of Infant Formula With Human Milk Oligosaccharides on Growth and Morbidity A Randomized Multicenter Trial.pdf,4,Table 1,TABLE1. Baselinecharacteristicsofstudyparticipants,table_region_p4_68.5_583.3_325.5_804.2,"[68.535, 583.3052797999999, 325.48, 804.2265464999999]",1.0,strong,pdfplumber,True,213,11,3,"[76.53381, 589.376057725, 298.81311999999997, 779.8914287]",1.0,ok,accept,False,0.9,parser_output_passed_quality_checks,False,False,,0,0,0.0,,False,,,0.0,,,False,,"| Infantcharacteristics | Control(n¼87) | Test(n¼88) | | --- | --- | --- | | Age,days | 7.7(cid:8)3.3 | 8.6(cid:8)3.3 | | Sex(n,%male) | 44(50.6) | 44(50.0) | | Gestationalage,wk | 39.2(cid:8)1.0 | 39.2(cid:8)1.1 | | Modeofdelivery(n,%cesar"
Effects of Infant Formula With Human Milk Oligosaccharides on Growth and Morbidity A Randomized Multicenter Trial.pdf,5,Table 2,TABLE2. Comparisonofweightgainfromenrollmentto4monthsofagebetweengroups,table_region_p5_68.5_104.9_584.9_370.0,"[68.535, 104.93057980000003, 584.85, 369.9966545]",0.7,strong,pdfplumber,True,213,9,2,"[76.53343, 108.93057980000003, 576.9073666, 365.9522544999999]",1.0,header_or_span_complexity,retry_text_strategy,True,0.65,structural_quality:low_consistency,True,True,retry_text_strategy,9,2,1.0,,False,,,0.0,,,False,,"| TABLE2. Comparisonofweightgainfromenrollmentto4monthsofag | ebetweengroups | | --- | --- | |  | Differencebetweengroups (cid:2) | |  | (test(cid:3)control) | | Population Groups Weightgain,g/d | ayLSMean(SE) Estimate 95%CI | | PP Test(n¼7"
Inhibition of Attachment of Streptococcus pneumoniae and Haemophilus influenzae.pdf,3,Table 1,"Table 1. Effect of human, cow, and buffalo milk and infant formula on the adhesion of S. pneumoniae and",table_region_p3_65.4_103.7_543.3_639.1,"[65.3574, 103.72640000000001, 543.3324512, 639.0682]",0.7,strong,region_guided,False,631,0,0,,0.0,body_text_contamination,shrink_bbox,True,0.65,region_confidence=0.70 | words=393 | many_long_lines_or_body_words,True,True,shrink_bbox,19,2,1.0,,True,body_text_contamination,shrink_bbox,0.65,"The region contains 393 words with 110 body word hits and 7 long lines, indicating the bounding box includes surrounding body text. The parser produced no output due to no overlapping table chunk, and rule feedback suggests contamination. Shrinking the bbox may isolate the actual table.",,True,no overlapping table chunk produced for this region,
Inhibition of Attachment of Streptococcus pneumoniae and Haemophilus influenzae.pdf,4,Table 3,Table 3. InhibitionofadhesionofS.pneumoniaeand Table 4. Inhibitionofadhesion by fractions ofhuman,table_region_p4_63.8_103.4_610.3_715.0,"[63.79220000000001, 103.3664, 610.264, 714.9617000000001]",0.7,strong,region_guided,False,631,0,0,,0.0,body_text_contamination,shrink_bbox,True,0.65,region_confidence=0.70 | words=462 | many_long_lines_or_body_words,True,False,shrink_bbox,0,0,0.0,retry produced no overlapping table chunk,True,body_text_contamination,shrink_bbox,0.65,"Region contains 462 words with 136 body word hits and many long lines, indicating the bounding box captures surrounding body text rather than just the table. The parser produced no output due to no overlapping table chunk, and rule feedback confirms contamination. Shrinking the bbox to exclude extraneous text is the appropriate action.",,True,no overlapping table chunk produced for this region,
Inhibition of Attachment of Streptococcus pneumoniae and Haemophilus influenzae.pdf,5,Table 5,Table 5. Inhibition of adhesion of S. pneumoniae by oligosaccharides from human milk.,table_region_p5_65.8_102.9_610.3_542.4,"[65.78109999999998, 102.8732, 610.264, 542.39187]",0.75,strong,region_guided,True,631,14,7,"[73.78109999999998, 106.8732, 602.264, 541.50387]",1.0,header_or_span_complexity,retry_text_strategy,True,0.65,structural_quality:low_consistency,True,True,retry_text_strategy,14,7,1.0,,True,header_or_span_complexity,retry_text_strategy,0.65,"The table has complex multi-line headers and span structures (e.g., 'Source' split across columns, merged cells) that the current text strategy failed to parse correctly, leading to low structural consistency.",,True,,| Structure |  | S | ource |  | EIDso(mg/rnljl |  | | --- | --- | --- | --- | --- | --- | --- | | Oligosaccharide fraction |  | Hum | an milk |  | 6.0 |  | | Gal(J31- 4)GleNAc(J31- 3)Gal(J31- 4)Gle |  | Hum | an milk |  | 0.2* |  | | Gal(J3
Inhibition of Attachment of Streptococcus pneumoniae and Haemophilus influenzae.pdf,3,Table 1,"Table 1. Effect of human, cow, and buffalo milk and infant formula on the adhesion of S. pneumoniae and",table_region_p3_65.4_103.7_543.3_639.1,"[65.3574, 103.72640000000001, 543.3324512, 639.0682]",0.7,strong,pdfplumber,False,572,0,0,,0.0,body_text_contamination,shrink_bbox,True,0.65,region_confidence=0.70 | words=393 | many_long_lines_or_body_words,True,True,shrink_bbox,19,2,1.0,,False,,,0.0,,,False,no overlapping table chunk produced for this region,
Inhibition of Attachment of Streptococcus pneumoniae and Haemophilus influenzae.pdf,4,Table 3,Table 3. InhibitionofadhesionofS.pneumoniaeand Table 4. Inhibitionofadhesion by fractions ofhuman,table_region_p4_63.8_103.4_610.3_715.0,"[63.79220000000001, 103.3664, 610.264, 714.9617000000001]",0.7,strong,pdfplumber,False,572,0,0,,0.0,body_text_contamination,shrink_bbox,True,0.65,region_confidence=0.70 | words=462 | many_long_lines_or_body_words,True,False,shrink_bbox,0,0,0.0,retry produced no overlapping table chunk,False,,,0.0,,,False,no overlapping table chunk produced for this region,
Inhibition of Attachment of Streptococcus pneumoniae and Haemophilus influenzae.pdf,5,Table 5,Table 5. Inhibition of adhesion of S. pneumoniae by oligosaccharides from human milk.,table_region_p5_65.8_102.9_610.3_542.4,"[65.78109999999998, 102.8732, 610.264, 542.39187]",0.75,strong,pdfplumber,True,572,14,7,"[73.78109999999998, 106.8732, 602.264, 541.50387]",1.0,header_or_span_complexity,retry_text_strategy,True,0.65,structural_quality:low_consistency,True,True,retry_text_strategy,14,7,1.0,,False,,,0.0,,,False,,| Structure |  | S | ource |  | EIDso(mg/rnljl |  | | --- | --- | --- | --- | --- | --- | --- | | Oligosaccharide fraction |  | Hum | an milk |  | 6.0 |  | | Gal(J31- 4)GleNAc(J31- 3)Gal(J31- 4)Gle |  | Hum | an milk |  | 0.2* |  | | Gal(J3
Potential effects of a human milk oligosaccharide 6′‑sialyllactoseon angiotensin II‑induced aortic aneurysm via p90RSKTGF‑βSMAD2signaling pathway.pdf,4,Table 1,Table 1 Primers used for qRT-,table_region_p4_43.0_551.8_552.3_775.2,"[43.023601531, 551.755801026, 552.251480102, 775.2392]",1.0,strong,region_guided,True,330,12,4,"[43.023601531, 551.755801026, 552.251480102, 775.2392]",1.0,ok,accept,False,0.9,parser_output_passed_quality_checks,False,False,,0,0,0.0,,False,,,0.0,,,False,,| Primers used for qRT- | Genes | Forward (5′-3′) | Reverse (5′-3′) | | --- | --- | --- | --- | |  |  | GCT CTC AAG GTC ATC CCA | GTTG TGT TTC CAC GCT TGG TTC ACT | |  |  | CCA ACT GAA CGT GAC CAA | AAA CCA GAA GGT GCT GGG TAG GGA AGT AGG C
Potential effects of a human milk oligosaccharide 6′‑sialyllactoseon angiotensin II‑induced aortic aneurysm via p90RSKTGF‑βSMAD2signaling pathway.pdf,4,Table 1,Table 1 Primers used for qRT-,table_region_p4_43.0_551.8_552.3_775.2,"[43.023601531, 551.755801026, 552.251480102, 775.2392]",1.0,strong,pdfplumber,True,136,12,4,"[43.023601531, 551.755801026, 552.251480102, 775.2392]",1.0,ok,accept,False,0.9,parser_output_passed_quality_checks,False,False,,0,0,0.0,,False,,,0.0,,,False,,| Primers used for qRT- | Genes | Forward (5′-3′) | Reverse (5′-3′) | | --- | --- | --- | --- | |  |  | GCT CTC AAG GTC ATC CCA | GTTG TGT TTC CAC GCT TGG TTC ACT | |  |  | CCA ACT GAA CGT GAC CAA | AAA CCA GAA GGT GCT GGG TAG GGA AGT AGG C
Treponema primitia α1-2-fucosyltransferase-catalyzed one-pot multienzyme synthesis of fucosylated oligosaccharide lacto-N-fucopentaose I with antiviral activity against enterovirus 71.pdf,3,Table 1,Table 1,table_region_p3_29.6_53.1_565.7_693.0,"[29.587400000000002, 53.090936000000056, 565.663, 692.9980091]",1.0,strong,region_guided,True,121,26,5,"[49.5496, 65.46792405000008, 527.65831595, 668.9980091]",1.0,header_or_span_complexity,retry_text_strategy,True,0.65,structural_quality:low_consistency,True,True,retry_text_strategy,26,5,1.0,,False,,,0.0,,,False,,"| eptor substrate specificity of | His6-Tp2FT. ND, no activity detected | . |  |  | | --- | --- | --- | --- | --- | | cceptors |  | Products |  | Convert | |  |  |  |  | 34.9 | | Galβ1–3GlcNAcβ1–3Galβ1–4Glc | (1) | Fuc α 1–2-Galβ1–3GlcNAcβ1"
Treponema primitia α1-2-fucosyltransferase-catalyzed one-pot multienzyme synthesis of fucosylated oligosaccharide lacto-N-fucopentaose I with antiviral activity against enterovirus 71.pdf,3,Table 1,Table 1,table_region_p3_29.6_53.1_565.7_693.0,"[29.587400000000002, 53.090936000000056, 565.663, 692.9980091]",1.0,strong,pdfplumber,True,196,26,5,"[49.5496, 65.46792405000008, 527.65831595, 668.9980091]",1.0,header_or_span_complexity,retry_text_strategy,True,0.65,structural_quality:low_consistency,True,True,retry_text_strategy,26,5,1.0,,False,,,0.0,,,False,,"| eptor substrate specificity of | His6-Tp2FT. ND, no activity detected | . |  |  | | --- | --- | --- | --- | --- | | cceptors |  | Products |  | Convert | |  |  |  |  | 34.9 | | Galβ1–3GlcNAcβ1–3Galβ1–4Glc | (1) | Fuc α 1–2-Galβ1–3GlcNAcβ1"
2016-AAAAA-表达WcfB改善2-FL生产.pdf,27,Table 1,Table 1 List of strains and plasmids used in this study,table_region_p27_77.1_82.5_660.2_562.4,"[77.08, 82.49200000000002, 660.17, 562.4332800000001]",1.0,strong,region_guided,True,198,7,2,"[77.08, 82.49200000000002, 660.17, 562.4332800000001]",1.0,ok,accept,False,0.9,parser_output_passed_quality_checks,False,False,,0,0,0.0,,False,,,0.0,,,False,,"| Strains/Plasmids | Relevant description | | --- | --- | | rains |  | | △L M15 △L Tn7::lacZ△M15YA | (lacZ partially disrupted) | | △L YA △L Tn7::lacYA | (lacZ completely deleted) | | △L M15 BCGW-F △L M15 harboring | pBCGW (manB, manC, gmd,"
2016-AAAAA-表达WcfB改善2-FL生产.pdf,29,Table 2,Table 2 Comparison of results of batch fermentations of the engineered E. coli strains,table_region_p29_77.1_110.5_523.8_412.0,"[77.104, 110.452, 523.76, 411.96199999999993]",1.0,strong,region_guided,True,198,19,4,"[85.104, 114.452, 484.42, 387.96199999999993]",1.0,header_or_span_complexity,retry_text_strategy,True,0.65,structural_quality:low_consistency,True,True,retry_text_strategy,19,4,1.0,,False,,,0.0,,,False,,| Strains |  | ( | mole 2-FL/m | | --- | --- | --- | --- | |  | cell weight (g/L) con | centrationa (g/L) |  | |  |  |  | lactose) | | △L M15 |  |  |  | |  | 5.73±0.09 | 0.08±0.012 | 0.040±0.003 | | BCGW-F |  |  |  | | △L M15 |  |  |  | |  
2016-AAAAA-表达WcfB改善2-FL生产.pdf,30,Table 3,Table 3 Comparison of results of fed-batch fermentations of the engineered E. coli,table_region_p30_77.1_96.7_518.4_536.9,"[77.104, 96.65199999999993, 518.36, 536.9019999999999]",0.9,strong,region_guided,False,198,0,0,,0.0,body_text_contamination,shrink_bbox,True,0.65,region_confidence=0.90 | words=125 | many_long_lines_or_body_words,True,True,shrink_bbox,18,5,1.0,,False,,,0.0,,,False,no overlapping table chunk produced for this region,
2016-AAAAA-表达WcfB改善2-FL生产.pdf,27,Table 1,Table 1 List of strains and plasmids used in this study,table_region_p27_77.1_82.5_660.2_562.4,"[77.08, 82.49200000000002, 660.17, 562.4332800000001]",1.0,strong,pdfplumber,True,204,7,2,"[77.08, 82.49200000000002, 660.17, 562.4332800000001]",1.0,ok,accept,False,0.9,parser_output_passed_quality_checks,False,False,,0,0,0.0,,False,,,0.0,,,False,,"| Strains/Plasmids | Relevant description | | --- | --- | | rains |  | | △L M15 △L Tn7::lacZ△M15YA | (lacZ partially disrupted) | | △L YA △L Tn7::lacYA | (lacZ completely deleted) | | △L M15 BCGW-F △L M15 harboring | pBCGW (manB, manC, gmd,"
2016-AAAAA-表达WcfB改善2-FL生产.pdf,29,Table 2,Table 2 Comparison of results of batch fermentations of the engineered E. coli strains,table_region_p29_77.1_110.5_523.8_412.0,"[77.104, 110.452, 523.76, 411.96199999999993]",1.0,strong,pdfplumber,True,204,19,4,"[85.104, 114.452, 484.42, 387.96199999999993]",1.0,header_or_span_complexity,retry_text_strategy,True,0.65,structural_quality:low_consistency,True,True,retry_text_strategy,19,4,1.0,,False,,,0.0,,,False,,| Strains |  | ( | mole 2-FL/m | | --- | --- | --- | --- | |  | cell weight (g/L) con | centrationa (g/L) |  | |  |  |  | lactose) | | △L M15 |  |  |  | |  | 5.73±0.09 | 0.08±0.012 | 0.040±0.003 | | BCGW-F |  |  |  | | △L M15 |  |  |  | |  
2016-AAAAA-表达WcfB改善2-FL生产.pdf,30,Table 3,Table 3 Comparison of results of fed-batch fermentations of the engineered E. coli,table_region_p30_77.1_96.7_518.4_536.9,"[77.104, 96.65199999999993, 518.36, 536.9019999999999]",0.9,strong,pdfplumber,False,204,0,0,,0.0,body_text_contamination,shrink_bbox,True,0.65,region_confidence=0.90 | words=125 | many_long_lines_or_body_words,True,True,shrink_bbox,18,5,1.0,,False,,,0.0,,,False,no overlapping table chunk produced for this region,
lu-et-al-2021-engineered-microbial-routes-for-human-milk-oligosaccharides-synthesis.pdf,3,Table 1,Table1.HMOsProducedUsingMetabolicEngineering,table_region_p3_56.1_65.0_558.4_768.7,"[56.089625999999996, 65.02245796999989, 558.3609948, 768.7053]",0.65,strong,region_guided,False,943,0,0,,0.0,body_text_contamination,shrink_bbox,True,0.65,region_confidence=0.65 | words=253 | many_long_lines_or_body_words,True,True,shrink_bbox,34,21,1.0,,False,,,0.0,,,False,no overlapping table chunk produced for this region,
lu-et-al-2021-engineered-microbial-routes-for-human-milk-oligosaccharides-synthesis.pdf,4,Table 1,Table1.continued,table_region_p4_56.1_65.9_570.9_768.7,"[56.089625999999996, 65.86366046, 570.8726282599999, 768.7053]",0.65,strong,region_guided,False,943,0,0,,0.0,body_text_contamination,shrink_bbox,True,0.65,region_confidence=0.65 | words=240 | many_long_lines_or_body_words,True,True,shrink_bbox,36,23,1.0,,False,,,0.0,,,False,no overlapping table chunk produced for this region,
lu-et-al-2021-engineered-microbial-routes-for-human-milk-oligosaccharides-synthesis.pdf,5,Table 1,Table1.continued,table_region_p5_56.1_62.2_475.3_768.7,"[56.089625999999996, 62.197, 475.2938, 768.7053]",0.65,strong,region_guided,False,943,0,0,,0.0,body_text_contamination,shrink_bbox,True,0.65,region_confidence=0.65 | words=186 | many_long_lines_or_body_words,True,True,shrink_bbox,6,7,1.0,,False,,,0.0,,,False,no overlapping table chunk produced for this region,
lu-et-al-2021-engineered-microbial-routes-for-human-milk-oligosaccharides-synthesis.pdf,3,Table 1,Table1.HMOsProducedUsingMetabolicEngineering,table_region_p3_56.1_65.0_558.4_768.7,"[56.089625999999996, 65.02245796999989, 558.3609948, 768.7053]",0.65,strong,pdfplumber,False,840,0,0,,0.0,body_text_contamination,shrink_bbox,True,0.65,region_confidence=0.65 | words=253 | many_long_lines_or_body_words,True,True,shrink_bbox,34,21,1.0,,False,,,0.0,,,False,no overlapping table chunk produced for this region,
lu-et-al-2021-engineered-microbial-routes-for-human-milk-oligosaccharides-synthesis.pdf,4,Table 1,Table1.continued,table_region_p4_56.1_65.9_570.9_768.7,"[56.089625999999996, 65.86366046, 570.8726282599999, 768.7053]",0.65,strong,pdfplumber,False,840,0,0,,0.0,body_text_contamination,shrink_bbox,True,0.65,region_confidence=0.65 | words=240 | many_long_lines_or_body_words,True,True,shrink_bbox,36,23,1.0,,False,,,0.0,,,False,no overlapping table chunk produced for this region,
lu-et-al-2021-engineered-microbial-routes-for-human-milk-oligosaccharides-synthesis.pdf,5,Table 1,Table1.continued,table_region_p5_56.1_62.2_475.3_768.7,"[56.089625999999996, 62.197, 475.2938, 768.7053]",0.65,strong,pdfplumber,False,840,0,0,,0.0,body_text_contamination,shrink_bbox,True,0.65,region_confidence=0.65 | words=186 | many_long_lines_or_body_words,True,True,shrink_bbox,6,7,1.0,,False,,,0.0,,,False,no overlapping table chunk produced for this region,
CRISPRi-guided multiplexed fine-tuning of metabolic flux for enhanced Lacto-N-neotetraose production in Bacillus subtilis.pdf,23,Table 1,Table 1 Strains used in this study,table_region_p23_46.0_71.9_514.2_722.7,"[46.0, 71.91160000000002, 514.1588800392001, 722.6715999999999]",1.0,strong,region_guided,True,184,39,2,"[59.664, 101.11159999999995, 509.61497992000005, 698.77972]",1.0,ok,accept,False,0.9,parser_output_passed_quality_checks,False,False,,0,0,0.0,,False,,,0.0,,,False,,"| Strains | Characteristics | | --- | --- | | BY24 | B. subtilis 168 der | |  | P -pgi, P -gtaB, 43 43 | | BN0 | BY24 derivate, Δg | | NA1 | BN0 derivate, P veg | | NA2 | BN0 derivate, P veg | | NA3 | BN0 derivate, P veg | | NA4 | BN0 deriv"
CRISPRi-guided multiplexed fine-tuning of metabolic flux for enhanced Lacto-N-neotetraose production in Bacillus subtilis.pdf,23,Table 1,Table 1 Strains used in this study,table_region_p23_46.0_71.9_514.2_722.7,"[46.0, 71.91160000000002, 514.1588800392001, 722.6715999999999]",1.0,strong,pdfplumber,True,131,39,2,"[59.664, 101.11159999999995, 509.61497992000005, 698.77972]",1.0,ok,accept,False,0.9,parser_output_passed_quality_checks,False,False,,0,0,0.0,,False,,,0.0,,,False,,"| Strains | Characteristics | | --- | --- | | BY24 | B. subtilis 168 der | |  | P -pgi, P -gtaB, 43 43 | | BN0 | BY24 derivate, Δg | | NA1 | BN0 derivate, P veg | | NA2 | BN0 derivate, P veg | | NA3 | BN0 derivate, P veg | | NA4 | BN0 deriv"
2022-AAAA-Metabolic Engineering of Escherichia coli for Increased Bioproduction of N-Acetylneuraminic Acid(科研通-ablesci.com).pdf,3,Table 1,Table 1. Strains Used in this Study,table_region_p3_43.5_56.7_292.7_597.5,"[43.4576, 56.684999999999945, 292.7471848, 597.4562999999999]",1.0,strong,region_guided,True,332,44,2,"[52.46933748000001, 110.37387480999996, 292.2808492, 593.3544999999999]",1.0,header_or_span_complexity,retry_text_strategy,True,0.65,structural_quality:low_consistency,True,True,retry_text_strategy,44,2,1.0,,False,,,0.0,,,False,,"| E.coliJM109 | cloninghost | | --- | --- | | E.coliBL21(DE3) | startingstrain | | NBC1 | E.coliBL21(DE3)derivate,ΔnagΔnanATEΔmanXYZ, | | NBC2 | terminatorlocusofpspGgene NBC1derivate,ΔcheW::P6-glmS | | NBC3-10 | A NBC2derivate,overexpressi"
2022-AAAA-Metabolic Engineering of Escherichia coli for Increased Bioproduction of N-Acetylneuraminic Acid(科研通-ablesci.com).pdf,3,Table S1,"Table S1. All primers synthesized by GENEWIZ (Suzhou, China) 12 h. Then, 2% (v/v) of the seed culture was transferred into a 96-",table_region_p3_43.5_610.6_563.5_744.1,"[43.4771, 610.572, 563.4715999999999, 744.1397999999999]",0.45,gray,region_guided,False,332,0,0,,0.0,body_text_contamination,shrink_bbox,True,0.65,region_confidence=0.45 | words=154 | many_long_lines_or_body_words,True,False,shrink_bbox,0,0,0.0,retry produced no overlapping table chunk,True,body_text_contamination,shrink_bbox,0.65,"The region contains 154 words with 74 body word hits and 12 long lines, indicating the bounding box captures surrounding body text rather than the table. The parser failed with no overlapping table chunk, and rule feedback confirms contamination. Shrinking the bbox to exclude non-table text is appropriate.",,True,no overlapping table chunk produced for this region,
2022-AAAA-Metabolic Engineering of Escherichia coli for Increased Bioproduction of N-Acetylneuraminic Acid(科研通-ablesci.com).pdf,3,Table 1,Table 1. Strains Used in this Study,table_region_p3_43.5_56.7_292.7_597.5,"[43.4576, 56.684999999999945, 292.7471848, 597.4562999999999]",1.0,strong,pdfplumber,True,262,44,2,"[52.46933748000001, 110.37387480999996, 292.2808492, 593.3544999999999]",1.0,header_or_span_complexity,retry_text_strategy,True,0.65,structural_quality:low_consistency,True,True,retry_text_strategy,44,2,1.0,,False,,,0.0,,,False,,"| E.coliJM109 | cloninghost | | --- | --- | | E.coliBL21(DE3) | startingstrain | | NBC1 | E.coliBL21(DE3)derivate,ΔnagΔnanATEΔmanXYZ, | | NBC2 | terminatorlocusofpspGgene NBC1derivate,ΔcheW::P6-glmS | | NBC3-10 | A NBC2derivate,overexpressi"
2022-AAAA-Metabolic Engineering of Escherichia coli for Increased Bioproduction of N-Acetylneuraminic Acid(科研通-ablesci.com).pdf,3,Table S1,"Table S1. All primers synthesized by GENEWIZ (Suzhou, China) 12 h. Then, 2% (v/v) of the seed culture was transferred into a 96-",table_region_p3_43.5_610.6_563.5_744.1,"[43.4771, 610.572, 563.4715999999999, 744.1397999999999]",0.45,gray,pdfplumber,False,262,0,0,,0.0,body_text_contamination,shrink_bbox,True,0.65,region_confidence=0.45 | words=154 | many_long_lines_or_body_words,True,False,shrink_bbox,0,0,0.0,retry produced no overlapping table chunk,False,,,0.0,,,False,no overlapping table chunk produced for this region,
蛋白质稳定性计算设计与定向进化前沿工具_阮青云.pdf,4,Table 1,Table 1 Definitions of stability parameters,table_region_p4_57.5_102.0_554.8_766.4,"[57.4804, 101.98945679999997, 554.8034, 766.3514759]",0.95,strong,region_guided,True,488,25,2,"[57.4804, 101.98945679999997, 554.8034, 766.3514759]",1.0,ok,accept,False,0.9,parser_output_passed_quality_checks,False,False,,0,0,0.0,,False,,,0.0,,,False,,"| column 1 | column 2 | | --- | --- | | 符号 | 稳定性类型 | | ΔG UN | 热力学 | | ΔG NU | 热力学 | | ΔΔG | 热力学 | | T m | 热力学 | | C 1/2 | 热力学 | | K U | 热力学 | | k f | 动力学 | | k u | 动力学 | | k d, obs | 动力学 | | T 50 | ― | | t | 动力学 | | 度量 | 定义 | | 折叠自由能 | 蛋白质"
蛋白质稳定性计算设计与定向进化前沿工具_阮青云.pdf,9,Table 2,Table 2 Summary of software for protein stability rational design,table_region_p9_57.3_101.8_555.1_767.0,"[57.338499999999996, 101.84169839999993, 555.0654999999999, 766.9720391999999]",0.95,strong,region_guided,True,488,6,5,"[57.338499999999996, 101.84169839999993, 555.0654999999999, 766.9720391999999]",1.0,ok,accept,False,0.9,parser_output_passed_quality_checks,False,False,,0,0,0.0,,False,,,0.0,,,False,,| 类别 | 软件名称 | 输入 | 网站/本地安装 | 参考文献 | | --- | --- | --- | --- | --- | | 基于结构分析 |  |  |  |  | | 优化蛋白质表面电荷 | TKSA-MC PHEPS | 结构 结构 | http://tksamc.df.ibilce.unesp.br http://pheps.orgchm.bas.bg/home.html | [47] [48] | | 基于温度因子 | B-FITTER | 结构 | 
蛋白质稳定性计算设计与定向进化前沿工具_阮青云.pdf,4,Table 1,Table 1 Definitions of stability parameters,table_region_p4_57.5_102.0_554.8_766.4,"[57.4804, 101.98945679999997, 554.8034, 766.3514759]",0.95,strong,pdfplumber,True,471,25,2,"[57.4804, 101.98945679999997, 554.8034, 766.3514759]",1.0,ok,accept,False,0.9,parser_output_passed_quality_checks,False,False,,0,0,0.0,,False,,,0.0,,,False,,"| column 1 | column 2 | | --- | --- | | 符号 | 稳定性类型 | | ΔG UN | 热力学 | | ΔG NU | 热力学 | | ΔΔG | 热力学 | | T m | 热力学 | | C 1/2 | 热力学 | | K U | 热力学 | | k f | 动力学 | | k u | 动力学 | | k d, obs | 动力学 | | T 50 | ― | | t | 动力学 | | 度量 | 定义 | | 折叠自由能 | 蛋白质"
蛋白质稳定性计算设计与定向进化前沿工具_阮青云.pdf,9,Table 2,Table 2 Summary of software for protein stability rational design,table_region_p9_57.3_101.8_555.1_767.0,"[57.338499999999996, 101.84169839999993, 555.0654999999999, 766.9720391999999]",0.95,strong,pdfplumber,True,471,6,5,"[57.338499999999996, 101.84169839999993, 555.0654999999999, 766.9720391999999]",1.0,ok,accept,False,0.9,parser_output_passed_quality_checks,False,False,,0,0,0.0,,False,,,0.0,,,False,,| 类别 | 软件名称 | 输入 | 网站/本地安装 | 参考文献 | | --- | --- | --- | --- | --- | | 基于结构分析 |  |  |  |  | | 优化蛋白质表面电荷 | TKSA-MC PHEPS | 结构 结构 | http://tksamc.df.ibilce.unesp.br http://pheps.orgchm.bas.bg/home.html | [47] [48] | | 基于温度因子 | B-FITTER | 结构 | 
18、三条途径同时合成NeuAc，Engineering of Synthetic Multiplexed Pathways for High-Level N‑Acetylneuraminic Acid Bioproduction.pdf,3,Table 1,Table 1. Strains Used in This Study,table_region_p3_43.5_55.8_563.5_557.7,"[43.514, 55.837725999999975, 563.514, 557.7223373500001]",1.0,strong,region_guided,True,320,4,3,"[43.514, 55.837725999999975, 563.514, 557.7223373500001]",1.0,header_or_span_complexity,retry_text_strategy,True,0.65,structural_quality:low_consistency,True,True,retry_text_strategy,4,3,1.0,,False,,,0.0,,,False,,| names | characteristics | source or reference | | --- | --- | --- | | Strains |  |  | | E.coliTop10 | F-mcrAΔ(mrr-hsdRMS-mcrBC)φ80lacZΔM15ΔlacX74nupGrecA1araD139Δ(ara-leu)7697galE15galK16rpsL(StrR)endA1λ‑ | labstock | | BSGN6 | B.subtilis
18、三条途径同时合成NeuAc，Engineering of Synthetic Multiplexed Pathways for High-Level N‑Acetylneuraminic Acid Bioproduction.pdf,8,Table 2,Table 2. De Novo Biosynthesis of NeuAc,table_region_p8_43.5_517.4_563.5_800.4,"[43.514, 517.3824, 563.514, 800.447]",1.0,strong,region_guided,False,320,0,0,,0.0,body_text_contamination,shrink_bbox,True,0.65,region_confidence=1.00 | words=100 | many_long_lines_or_body_words,True,False,shrink_bbox,0,0,0.0,retry produced no overlapping table chunk,True,body_text_contamination,shrink_bbox,0.65,"The region contains 90 body word hits out of 100 words, indicating heavy contamination from surrounding body text, and the parser failed to produce any table output. Shrinking the bounding box may isolate the actual table region.",,True,no overlapping table chunk produced for this region,
18、三条途径同时合成NeuAc，Engineering of Synthetic Multiplexed Pathways for High-Level N‑Acetylneuraminic Acid Bioproduction.pdf,3,Table 1,Table 1. Strains Used in This Study,table_region_p3_43.5_55.8_563.5_557.7,"[43.514, 55.837725999999975, 563.514, 557.7223373500001]",1.0,strong,pdfplumber,True,323,4,3,"[43.514, 55.837725999999975, 563.514, 557.7223373500001]",1.0,header_or_span_complexity,retry_text_strategy,True,0.65,structural_quality:low_consistency,True,True,retry_text_strategy,4,3,1.0,,False,,,0.0,,,False,,| names | characteristics | source or reference | | --- | --- | --- | | Strains |  |  | | E.coliTop10 | F-mcrAΔ(mrr-hsdRMS-mcrBC)φ80lacZΔM15ΔlacX74nupGrecA1araD139Δ(ara-leu)7697galE15galK16rpsL(StrR)endA1λ‑ | labstock | | BSGN6 | B.subtilis
18、三条途径同时合成NeuAc，Engineering of Synthetic Multiplexed Pathways for High-Level N‑Acetylneuraminic Acid Bioproduction.pdf,8,Table 2,Table 2. De Novo Biosynthesis of NeuAc,table_region_p8_43.5_517.4_563.5_800.4,"[43.514, 517.3824, 563.514, 800.447]",1.0,strong,pdfplumber,False,323,0,0,,0.0,body_text_contamination,shrink_bbox,True,0.65,region_confidence=1.00 | words=100 | many_long_lines_or_body_words,True,False,shrink_bbox,0,0,0.0,retry produced no overlapping table chunk,False,,,0.0,,,False,no overlapping table chunk produced for this region,
19、两阶段pH控制对NeuAc产量的影响，Enhanced N‑acetyl‑d‑neuraminic production from glycerol and N‑acetyl‑d‑glucosamine by metabolically engineered Escherichia coli with a two‑stage pH‑shift control strategy.pdf,3,Table 1,Table 1 Neu5Ac production with different energy sources,table_region_p3_43.0_277.0_552.3_721.8,"[43.023601531, 276.98260766699997, 552.251995086, 721.770006958]",0.8,strong,region_guided,True,411,22,6,"[51.00708383200009, 281.98560766699995, 530.0840796755001, 719.27179657]",1.0,header_or_span_complexity,retry_text_strategy,True,0.65,structural_quality:low_consistency,True,True,retry_text_strategy,22,6,1.0,,False,,,0.0,,,False,,| Energy sou | rce | Neu5Ac (g | L −1) | Productivity | (g Biomass | | --- | --- | --- | --- | --- | --- | |  |  |  |  | L−1 h−1) |  | | Glucose |  | 11.90 ± 0. | 24 | 0.175 | 10.29 ± | | Glycerol |  | 13.97 ± 0. | 27 | 0.205 | 10.49 ± | | 
19、两阶段pH控制对NeuAc产量的影响，Enhanced N‑acetyl‑d‑neuraminic production from glycerol and N‑acetyl‑d‑glucosamine by metabolically engineered Escherichia coli with a two‑stage pH‑shift control strategy.pdf,6,Table 2,Table 2  Neu5Ac production with different initial GlcNAc concentrations,table_region_p6_91.4_50.4_253.0_723.6,"[91.397598266, 50.38022656299995, 252.954703447174, 723.6087009100004]",0.65,strong,region_guided,False,411,0,0,,0.0,no_parser_output,retry_text_strategy,True,0.6,region_confidence=0.65 | words=173 | strong_caption_region_without_parser_output,True,False,retry_text_strategy,0,0,0.0,retry produced no overlapping table chunk,True,no_parser_output,retry_text_strategy,0.6,"The parser produced no output for a region with a strong caption and 173 words, indicating a text extraction strategy issue rather than a bounding box or contamination problem.",,True,no overlapping table chunk produced for this region,
19、两阶段pH控制对NeuAc产量的影响，Enhanced N‑acetyl‑d‑neuraminic production from glycerol and N‑acetyl‑d‑glucosamine by metabolically engineered Escherichia coli with a two‑stage pH‑shift control strategy.pdf,3,Table 1,Table 1 Neu5Ac production with different energy sources,table_region_p3_43.0_277.0_552.3_721.8,"[43.023601531, 276.98260766699997, 552.251995086, 721.770006958]",0.8,strong,pdfplumber,True,436,22,6,"[51.00708383200009, 281.98560766699995, 530.0840796755001, 719.27179657]",1.0,header_or_span_complexity,retry_text_strategy,True,0.65,structural_quality:low_consistency,True,True,retry_text_strategy,22,6,1.0,,False,,,0.0,,,False,,| Energy sou | rce | Neu5Ac (g | L −1) | Productivity | (g Biomass | | --- | --- | --- | --- | --- | --- | |  |  |  |  | L−1 h−1) |  | | Glucose |  | 11.90 ± 0. | 24 | 0.175 | 10.29 ± | | Glycerol |  | 13.97 ± 0. | 27 | 0.205 | 10.49 ± | | 
19、两阶段pH控制对NeuAc产量的影响，Enhanced N‑acetyl‑d‑neuraminic production from glycerol and N‑acetyl‑d‑glucosamine by metabolically engineered Escherichia coli with a two‑stage pH‑shift control strategy.pdf,6,Table 2,Table 2  Neu5Ac production with different initial GlcNAc concentrations,table_region_p6_91.4_50.4_253.0_723.6,"[91.397598266, 50.38022656299995, 252.954703447174, 723.6087009100004]",0.65,strong,pdfplumber,False,436,0,0,,0.0,no_parser_output,retry_text_strategy,True,0.6,region_confidence=0.65 | words=173 | strong_caption_region_without_parser_output,True,False,retry_text_strategy,0,0,0.0,retry produced no overlapping table chunk,False,,,0.0,,,False,no overlapping table chunk produced for this region,
5、age与neuB组合表达优化-RBS工程以及PEP代谢改造，Exploring Amino Sugar and Phosphoenolpyruvate Metabolism to Improve Escherichia coli N‑Acetylneuraminic Acid Production.pdf,3,Table 1,Table 1. Plasmids and Sources of AGE and NeuB,table_region_p3_52.5_64.8_572.5_600.4,"[52.472, 64.79522599999996, 572.4747456399999, 600.3545567399999]",0.75,strong,region_guided,False,218,0,0,,0.0,body_text_contamination,shrink_bbox,True,0.65,region_confidence=0.75 | words=518 | many_long_lines_or_body_words,True,False,shrink_bbox,0,0,0.0,retry produced no overlapping table chunk,True,body_text_contamination,shrink_bbox,0.65,"The region contains 518 words with 226 body word hits and many long lines, indicating the bounding box includes surrounding body text rather than just the table. The parser produced no output due to no overlapping table chunk, and rule feedback suggests shrinking the bbox to isolate the actual table.",,True,no overlapping table chunk produced for this region,
5、age与neuB组合表达优化-RBS工程以及PEP代谢改造，Exploring Amino Sugar and Phosphoenolpyruvate Metabolism to Improve Escherichia coli N‑Acetylneuraminic Acid Production.pdf,3,Table 1,Table 1. Plasmids and Sources of AGE and NeuB,table_region_p3_52.5_64.8_572.5_600.4,"[52.472, 64.79522599999996, 572.4747456399999, 600.3545567399999]",0.75,strong,pdfplumber,False,193,0,0,,0.0,body_text_contamination,shrink_bbox,True,0.65,region_confidence=0.75 | words=518 | many_long_lines_or_body_words,True,False,shrink_bbox,0,0,0.0,retry produced no overlapping table chunk,False,,,0.0,,,False,no overlapping table chunk produced for this region,
大肠杆菌肽聚糖和脂多糖合成关键基因表达水平对细胞生长的影响.pdf,18,Table 2,Table 2-1 Bacterial strains and plasmids used in this study,table_region_p18_66.4_78.8_458.8_731.1,"[66.4, 78.78800000000001, 458.84000000000003, 731.088]",1.0,strong,region_guided,True,565,25,2,"[66.4, 78.78800000000001, 458.84000000000003, 731.088]",1.0,ok,accept,False,0.9,parser_output_passed_quality_checks,False,False,,0,0,0.0,,False,,,0.0,,,False,,| 菌株或质粒 | 描述 | | --- | --- | | MG1655/pCDF-P1-murA-P1-lpxA | MG1655 harboring pCDF-P1-murA-P1- lpxA | | MG1655/pCDF-P1-murA-P2-lpxA | MG1655 harboring pCDF-P1-murA-P2- lpxA | | MG1655/pCDF-P2-murA-P1-lpxA | MG1655 harboring pCDF-P2-murA-P1-
大肠杆菌肽聚糖和脂多糖合成关键基因表达水平对细胞生长的影响.pdf,24,Table 2,Table 2-2 The primers used in this study,table_region_p24_159.4_78.8_514.8_738.9,"[159.36, 78.78800000000001, 514.82, 738.8879999999999]",1.0,strong,region_guided,True,565,29,4,"[165.07999999999998, 104.62800000000004, 485.7345, 735.288]",1.0,header_or_span_complexity,retry_text_strategy,True,0.65,structural_quality:low_consistency,True,True,retry_text_strategy,29,4,1.0,,False,,,0.0,,,False,,|  | Sequen | ce (5’-3’) |  | | --- | --- | --- | --- | |  | ATGC | GGTAAAAGCCATTCTG |  | |  | CGAC | GCACACCATCAATAAC |  | |  | GTTC | GAACAGGCGAAGAAAG |  | |  | TACC | TTCGAAGCCATCCATC |  | |  | GGTG | ATCGGGCTGATGATTT |  | |  | GCGT | AC
大肠杆菌肽聚糖和脂多糖合成关键基因表达水平对细胞生长的影响.pdf,25,Table 2,Table 2-3 Equipment and facilities used in this study,table_region_p25_88.4_78.8_506.2_760.0,"[88.38, 78.78800000000001, 506.24, 759.9599999999999]",1.0,strong,region_guided,True,565,7,5,"[102.08, 103.84050000000002, 488.3925, 694.228]",1.0,header_or_span_complexity,retry_text_strategy,True,0.65,structural_quality:low_consistency,True,True,retry_text_strategy,7,5,1.0,,False,,,0.0,,,False,,|  | 仪器名称 | 生产厂家 |  | 设备型号 | | --- | --- | --- | --- | --- | | 超 | 高速离心机 | 美国贝克曼库尔特 | 有限公司 | Allegra X-15 R | |  | 旋转蒸发仪 | 瑞士BÜCHI | 公司 | Rotavapor RII | | 循 | 环水式真空泵 | 巩义市予华仪器有限 | 责任公司 | SHZ-D（Ⅲ） | |  | 加热板 | 德国IKA公 | 司 | C-MAG HP10 | |  |
大肠杆菌肽聚糖和脂多糖合成关键基因表达水平对细胞生长的影响.pdf,18,Table 2,Table 2-1 Bacterial strains and plasmids used in this study,table_region_p18_66.4_78.8_458.8_731.1,"[66.4, 78.78800000000001, 458.84000000000003, 731.088]",1.0,strong,pdfplumber,True,614,25,2,"[66.4, 78.78800000000001, 458.84000000000003, 731.088]",1.0,ok,accept,False,0.9,parser_output_passed_quality_checks,False,False,,0,0,0.0,,False,,,0.0,,,False,,| 菌株或质粒 | 描述 | | --- | --- | | MG1655/pCDF-P1-murA-P1-lpxA | MG1655 harboring pCDF-P1-murA-P1- lpxA | | MG1655/pCDF-P1-murA-P2-lpxA | MG1655 harboring pCDF-P1-murA-P2- lpxA | | MG1655/pCDF-P2-murA-P1-lpxA | MG1655 harboring pCDF-P2-murA-P1-
大肠杆菌肽聚糖和脂多糖合成关键基因表达水平对细胞生长的影响.pdf,24,Table 2,Table 2-2 The primers used in this study,table_region_p24_159.4_78.8_514.8_738.9,"[159.36, 78.78800000000001, 514.82, 738.8879999999999]",1.0,strong,pdfplumber,True,614,29,4,"[165.07999999999998, 104.62800000000004, 485.7345, 735.288]",1.0,header_or_span_complexity,retry_text_strategy,True,0.65,structural_quality:low_consistency,True,True,retry_text_strategy,29,4,1.0,,False,,,0.0,,,False,,|  | Sequen | ce (5’-3’) |  | | --- | --- | --- | --- | |  | ATGC | GGTAAAAGCCATTCTG |  | |  | CGAC | GCACACCATCAATAAC |  | |  | GTTC | GAACAGGCGAAGAAAG |  | |  | TACC | TTCGAAGCCATCCATC |  | |  | GGTG | ATCGGGCTGATGATTT |  | |  | GCGT | AC
大肠杆菌肽聚糖和脂多糖合成关键基因表达水平对细胞生长的影响.pdf,25,Table 2,Table 2-3 Equipment and facilities used in this study,table_region_p25_88.4_78.8_506.2_760.0,"[88.38, 78.78800000000001, 506.24, 759.9599999999999]",1.0,strong,pdfplumber,True,614,7,5,"[102.08, 103.84050000000002, 488.3925, 694.228]",1.0,header_or_span_complexity,retry_text_strategy,True,0.65,structural_quality:low_consistency,True,True,retry_text_strategy,7,5,1.0,,False,,,0.0,,,False,,|  | 仪器名称 | 生产厂家 |  | 设备型号 | | --- | --- | --- | --- | --- | | 超 | 高速离心机 | 美国贝克曼库尔特 | 有限公司 | Allegra X-15 R | |  | 旋转蒸发仪 | 瑞士BÜCHI | 公司 | Rotavapor RII | | 循 | 环水式真空泵 | 巩义市予华仪器有限 | 责任公司 | SHZ-D（Ⅲ） | |  | 加热板 | 德国IKA公 | 司 | C-MAG HP10 | |  |
