pdf,page,table_label,caption,region_id,region_bbox,region_confidence,region_band,parser,succeeded,duration_ms,rows,cols,chunk_bbox,overlap,rule_category,recommended_action,needs_llm_judge,rule_confidence,rule_reasons,retry_attempted,retry_succeeded,retry_action,retry_rows,retry_cols,retry_overlap,retry_failure_reason,llm_judge_attempted,llm_failure_category,llm_recommended_action,llm_confidence,llm_reason,llm_error,rule_llm_agree,would_retry,would_adjust_bbox,would_drop_candidate,safe_auto_action,human_review_required,auto_action_allowed,auto_decision_reason,candidate_score,candidate_tier,candidate_reasons,retry_candidate_score,retry_score_delta,retry_score_verdict,retry_adoptable,failure_reason,preview
2025 The Signal Peptidase MoSpc2 Orchestrates.pdf,10,Table 1,Table 1 Twenty one small candidate effector proteins that were absent in the ΔMospc2 strain compared with wild-type culture,table_region_p10_48.7_82.8_520.2_449.2,"[48.692901611, 82.83491113299999, 520.150806152, 449.2235943360001]",1.0,strong,region_guided,True,404,21,7,"[48.692901611, 82.83491113299999, 520.150806152, 449.2235943360001]",1.0,ok,accept,False,0.9,parser_output_passed_quality_checks,False,False,,0,0,0.0,,False,,,0.0,,,False,False,False,False,False,False,False,,0.97,strong,text_context_body_heavy,0.0,0.0,,False,,| Protein ID | Length | SignalP | SP | TM | ProtComp | EffectorP | | --- | --- | --- | --- | --- | --- | --- | | MGG_16379 | 87 | Y | 1–17 | N | Extracellular (Secreted) | Apoplastic effector | | MGG_10315 | 93 | Y | 1–19 | N | Extracellula
2025 The Signal Peptidase MoSpc2 Orchestrates.pdf,14,Table 2,Table 2 Putative MoSpc2-interacting proteins identified by,table_region_p14_48.7_82.8_542.6_771.9,"[48.692901611, 82.83491113299999, 542.5823974589999, 771.883205201]",0.45,gray,region_guided,True,404,3,9,"[56.692901611, 110.85747697156253, 538.6004157472564, 725.223601966]",1.0,ok,accept,False,0.9,parser_output_passed_quality_checks,False,False,,0,0,0.0,,False,,,0.0,,,False,False,False,False,False,False,False,,0.92,strong,too_few_data_rows | text_context_body_heavy,0.0,0.0,,False,,"| Protein ID MGG_17533 | Gene_symbol SEC11 | Length 168 | Description (Magna- porthr oryzae) Signal peptidase com | plex | mutant ΔMos adequate MoS | ec62 is impair lp1 (Zhou et al | ed in the accumu . 2016), and we add | lation of itionall"
2025 The Signal Peptidase MoSpc2 Orchestrates.pdf,10,Table 1,Table 1 Twenty one small candidate effector proteins that were absent in the ΔMospc2 strain compared with wild-type culture,table_region_p10_48.7_82.8_520.2_449.2,"[48.692901611, 82.83491113299999, 520.150806152, 449.2235943360001]",1.0,strong,pdfplumber,True,485,21,7,"[48.692901611, 82.83491113299999, 520.150806152, 449.2235943360001]",1.0,ok,accept,False,0.9,parser_output_passed_quality_checks,False,False,,0,0,0.0,,False,,,0.0,,,False,False,False,False,False,False,False,,0.97,strong,text_context_body_heavy,0.0,0.0,,False,,| Protein ID | Length | SignalP | SP | TM | ProtComp | EffectorP | | --- | --- | --- | --- | --- | --- | --- | | MGG_16379 | 87 | Y | 1–17 | N | Extracellular (Secreted) | Apoplastic effector | | MGG_10315 | 93 | Y | 1–19 | N | Extracellula
2025 The Signal Peptidase MoSpc2 Orchestrates.pdf,14,Table 2,Table 2 Putative MoSpc2-interacting proteins identified by,table_region_p14_48.7_82.8_542.6_771.9,"[48.692901611, 82.83491113299999, 542.5823974589999, 771.883205201]",0.45,gray,pdfplumber,True,485,3,9,"[56.692901611, 110.85747697156253, 538.6004157472564, 725.223601966]",1.0,ok,accept,False,0.9,parser_output_passed_quality_checks,False,False,,0,0,0.0,,False,,,0.0,,,False,False,False,False,False,False,False,,0.92,strong,too_few_data_rows | text_context_body_heavy,0.0,0.0,,False,,"| Protein ID MGG_17533 | Gene_symbol SEC11 | Length 168 | Description (Magna- porthr oryzae) Signal peptidase com | plex | mutant ΔMos adequate MoS | ec62 is impair lp1 (Zhou et al | ed in the accumu . 2016), and we add | lation of itionall"
"2009 Genome, secretome and glucose transport highlight unique.pdf",3,Table 1,Table 1: Genome statistics overview similar methods for K. lactis [15] and C. albicans [16],table_region_p3_47.1_434.6_562.0_792.0,"[47.14, 434.6057599999999, 562.0397720000001, 792.0]",1.0,strong,region_guided,False,256,0,0,,0.0,body_text_contamination,shrink_bbox,True,0.65,region_confidence=1.00 | words=328 | many_long_lines_or_body_words,True,True,shrink_bbox,16,7,1.0,,False,,,0.0,,,False,False,False,False,False,False,False,,0.02,failed,no_parser_output | too_few_rows | too_few_cols | text_context_body_heavy,0.805,0.785,improved,True,no overlapping table chunk produced for this region,
"2009 Genome, secretome and glucose transport highlight unique.pdf",5,Table 2,Table 2: Secreted proteins of P. pastoris,table_region_p5_47.1_106.7_562.0_769.3,"[47.14, 106.73540000000003, 562.04, 769.26]",1.0,strong,region_guided,True,256,3,5,"[59.099999999999966, 128.7305, 497.369028, 733.710702]",1.0,ok,accept,False,0.9,parser_output_passed_quality_checks,False,False,,0,0,0.0,,False,,,0.0,,,False,False,False,False,False,False,False,,0.97,strong,too_few_data_rows | text_context_body_heavy,0.0,0.0,,False,,| PIPA ID | Predicted function theoret | ical pI/MW [kDa] Predicted | N-glycosylation | Predicted | | --- | --- | --- | --- | --- | |  |  |  | sites |  | | PIPA00211 | Covalently-bound cell wall protein of | 5.01/45.73 | 1 | secreted |
"2009 Genome, secretome and glucose transport highlight unique.pdf",3,Table 1,Table 1: Genome statistics overview similar methods for K. lactis [15] and C. albicans [16],table_region_p3_47.1_434.6_562.0_792.0,"[47.14, 434.6057599999999, 562.0397720000001, 792.0]",1.0,strong,pdfplumber,False,269,0,0,,0.0,body_text_contamination,shrink_bbox,True,0.65,region_confidence=1.00 | words=328 | many_long_lines_or_body_words,True,True,shrink_bbox,16,7,1.0,,False,,,0.0,,,False,False,False,False,False,False,False,,0.02,failed,no_parser_output | too_few_rows | too_few_cols | text_context_body_heavy,0.805,0.785,improved,True,no overlapping table chunk produced for this region,
"2009 Genome, secretome and glucose transport highlight unique.pdf",5,Table 2,Table 2: Secreted proteins of P. pastoris,table_region_p5_47.1_106.7_562.0_769.3,"[47.14, 106.73540000000003, 562.04, 769.26]",1.0,strong,pdfplumber,True,269,3,5,"[59.099999999999966, 128.7305, 497.369028, 733.710702]",1.0,ok,accept,False,0.9,parser_output_passed_quality_checks,False,False,,0,0,0.0,,False,,,0.0,,,False,False,False,False,False,False,False,,0.97,strong,too_few_data_rows | text_context_body_heavy,0.0,0.0,,False,,| PIPA ID | Predicted function theoret | ical pI/MW [kDa] Predicted | N-glycosylation | Predicted | | --- | --- | --- | --- | --- | |  |  |  | sites |  | | PIPA00211 | Covalently-bound cell wall protein of | 5.01/45.73 | 1 | secreted |
HMOsmodulate immunoregulation and gut microbiota in a β-lactoglobulin.pdf,2,Table 1,Table1,table_region_p2_298.6_644.2_565.7_793.7,"[298.5952, 644.2029130000001, 565.65801, 793.701]",1.0,strong,region_guided,False,466,0,0,,0.0,fragmented_text_layer,mark_unparseable,True,0.65,region_confidence=1.00 | words=16 | many_single_char_tokens_or_short_average_length,False,False,,0,0,0.0,,False,,,0.0,,,False,False,False,False,False,False,False,,0.07,failed,no_parser_output | too_few_rows | too_few_cols | text_context_body_heavy,0.0,0.0,,False,no overlapping table chunk produced for this region,
HMOsmodulate immunoregulation and gut microbiota in a β-lactoglobulin.pdf,3,Table 2,Table2,table_region_p3_76.1_661.3_519.1_793.7,"[76.1323, 661.324213, 519.119, 793.701]",1.0,strong,region_guided,True,466,5,3,"[76.1323, 661.324213, 519.119, 793.701]",1.0,ok,accept,False,0.9,parser_output_passed_quality_checks,False,False,,0,0,0.0,,False,,,0.0,,,False,False,False,False,False,False,False,,1.0,strong,passed_self_check,0.0,0.0,,False,,| Gene | Forward(5′to3′) | Reverse(5′to3′) | | --- | --- | --- | | GAPDH | 5′-AGAAGGTGGTGAAGCAGGCATC-3′ | 5′-CGAAGGTGGAAGAGTGGGAGTTG-3′ | | Foxp3 | 5′-AAGAATGCCATCCGCCACAACC-3′ | 5′-GGCGTTGGCTCCTCTTCTTGC-3′ | | TGF-β | 5′-GGCATCGCTCATCTCCAC
HMOsmodulate immunoregulation and gut microbiota in a β-lactoglobulin.pdf,4,Table 3,Table3 3.4. SCFA,table_region_p4_29.6_336.4_350.5_708.1,"[29.587400000000002, 336.3582627200001, 350.5017473600001, 708.1225529600001]",0.75,strong,region_guided,True,466,7,3,"[29.587400000000002, 336.3582627200001, 350.5017473600001, 708.1225529600001]",1.0,ok,accept,False,0.9,parser_output_passed_quality_checks,False,False,,0,0,0.0,,False,,,0.0,,,False,False,False,False,False,False,False,,0.97,strong,text_context_body_heavy,0.0,0.0,,False,,| Group | Spleenindex(mg/g) | Thymusindex(mg/g) | | --- | --- | --- | | C | 0.31a 5.24 ± | 0.23b isobutyrica 3.98 ± | | A | 0.34b 4.74 ± | 0.15c nificantlyde 3.69 ± | | HMO | 0.20a 5.40 ± | 0.24a 4.30 ± FL and HM | | L | 0.15a 5.25 ± | 0.20
HMOsmodulate immunoregulation and gut microbiota in a β-lactoglobulin.pdf,7,Table 4,"Table4 micesignificantly reducedbodyweight,immuneorganindex, andle-",table_region_p7_29.6_53.2_565.6_366.2,"[29.587400000000002, 53.16742801999999, 565.64773212, 366.20808167999996]",1.0,strong,region_guided,False,466,0,0,,0.0,body_text_contamination,shrink_bbox,True,0.65,region_confidence=1.00 | words=215 | many_long_lines_or_body_words,True,False,shrink_bbox,0,0,0.0,candidate produced no overlapping table chunk,False,,,0.0,,,False,False,False,False,False,False,False,,0.07,failed,no_parser_output | too_few_rows | too_few_cols | text_context_body_heavy,0.07,0.0,unchanged,False,no overlapping table chunk produced for this region,
HMOsmodulate immunoregulation and gut microbiota in a β-lactoglobulin.pdf,2,Table 1,Table1,table_region_p2_298.6_644.2_565.7_793.7,"[298.5952, 644.2029130000001, 565.65801, 793.701]",1.0,strong,pdfplumber,False,464,0,0,,0.0,fragmented_text_layer,mark_unparseable,True,0.65,region_confidence=1.00 | words=16 | many_single_char_tokens_or_short_average_length,False,False,,0,0,0.0,,False,,,0.0,,,False,False,False,False,False,False,False,,0.07,failed,no_parser_output | too_few_rows | too_few_cols | text_context_body_heavy,0.0,0.0,,False,no overlapping table chunk produced for this region,
HMOsmodulate immunoregulation and gut microbiota in a β-lactoglobulin.pdf,3,Table 2,Table2,table_region_p3_76.1_661.3_519.1_793.7,"[76.1323, 661.324213, 519.119, 793.701]",1.0,strong,pdfplumber,True,464,5,3,"[76.1323, 661.324213, 519.119, 793.701]",1.0,ok,accept,False,0.9,parser_output_passed_quality_checks,False,False,,0,0,0.0,,False,,,0.0,,,False,False,False,False,False,False,False,,1.0,strong,passed_self_check,0.0,0.0,,False,,| Gene | Forward(5′to3′) | Reverse(5′to3′) | | --- | --- | --- | | GAPDH | 5′-AGAAGGTGGTGAAGCAGGCATC-3′ | 5′-CGAAGGTGGAAGAGTGGGAGTTG-3′ | | Foxp3 | 5′-AAGAATGCCATCCGCCACAACC-3′ | 5′-GGCGTTGGCTCCTCTTCTTGC-3′ | | TGF-β | 5′-GGCATCGCTCATCTCCAC
HMOsmodulate immunoregulation and gut microbiota in a β-lactoglobulin.pdf,4,Table 3,Table3 3.4. SCFA,table_region_p4_29.6_336.4_350.5_708.1,"[29.587400000000002, 336.3582627200001, 350.5017473600001, 708.1225529600001]",0.75,strong,pdfplumber,True,464,7,3,"[29.587400000000002, 336.3582627200001, 350.5017473600001, 708.1225529600001]",1.0,ok,accept,False,0.9,parser_output_passed_quality_checks,False,False,,0,0,0.0,,False,,,0.0,,,False,False,False,False,False,False,False,,0.97,strong,text_context_body_heavy,0.0,0.0,,False,,| Group | Spleenindex(mg/g) | Thymusindex(mg/g) | | --- | --- | --- | | C | 0.31a 5.24 ± | 0.23b isobutyrica 3.98 ± | | A | 0.34b 4.74 ± | 0.15c nificantlyde 3.69 ± | | HMO | 0.20a 5.40 ± | 0.24a 4.30 ± FL and HM | | L | 0.15a 5.25 ± | 0.20
HMOsmodulate immunoregulation and gut microbiota in a β-lactoglobulin.pdf,7,Table 4,"Table4 micesignificantly reducedbodyweight,immuneorganindex, andle-",table_region_p7_29.6_53.2_565.6_366.2,"[29.587400000000002, 53.16742801999999, 565.64773212, 366.20808167999996]",1.0,strong,pdfplumber,False,464,0,0,,0.0,body_text_contamination,shrink_bbox,True,0.65,region_confidence=1.00 | words=215 | many_long_lines_or_body_words,True,False,shrink_bbox,0,0,0.0,candidate produced no overlapping table chunk,False,,,0.0,,,False,False,False,False,False,False,False,,0.07,failed,no_parser_output | too_few_rows | too_few_cols | text_context_body_heavy,0.07,0.0,unchanged,False,no overlapping table chunk produced for this region,
Serotype-specific differences in inhibition of reovirus infectivity by human-milk glycans are determined by viral attachment protein σ1.pdf,8,Table 1,Table1,table_region_p8_84.5_56.1_500.9_467.4,"[84.466, 56.103560000000016, 500.945, 467.36854200000005]",1.0,strong,region_guided,True,152,8,8,"[88.00804255999999, 60.103560000000016, 499.8336331199999, 464.28792594000004]",1.0,header_or_span_complexity,retry_text_strategy,True,0.65,structural_quality:low_consistency,True,True,retry_text_strategy,8,8,1.0,,False,,,0.0,,,False,False,False,False,False,False,False,,0.565,suspicious,low_consistency | low_fill | low_fill_rate | text_context_body_heavy,0.565,0.0,unchanged,False,,| Table1 |  |  |  |  |  |  |  | | --- | --- | --- | --- | --- | --- | --- | --- | | Summary | ofresults. |  |  |  |  |  |  | |  | MTSassaya | Infectivityas | sayb |  |  | HAIassayc |  | |  |  | T1L |  | T3D |  | T1L | T3D | |  | HeLacells |
Serotype-specific differences in inhibition of reovirus infectivity by human-milk glycans are determined by viral attachment protein σ1.pdf,8,Table 1,Table1,table_region_p8_84.5_56.1_500.9_467.4,"[84.466, 56.103560000000016, 500.945, 467.36854200000005]",1.0,strong,pdfplumber,True,127,8,8,"[88.00804255999999, 60.103560000000016, 499.8336331199999, 464.28792594000004]",1.0,header_or_span_complexity,retry_text_strategy,True,0.65,structural_quality:low_consistency,True,True,retry_text_strategy,8,8,1.0,,False,,,0.0,,,False,False,False,False,False,False,False,,0.565,suspicious,low_consistency | low_fill | low_fill_rate | text_context_body_heavy,0.565,0.0,unchanged,False,,| Table1 |  |  |  |  |  |  |  | | --- | --- | --- | --- | --- | --- | --- | --- | | Summary | ofresults. |  |  |  |  |  |  | |  | MTSassaya | Infectivityas | sayb |  |  | HAIassayc |  | |  |  | T1L |  | T3D |  | T1L | T3D | |  | HeLacells |
2023-Identification and Characterization of a Novel α-L-Fucosidase from Enterococcus gallinarum and Its Application for Production of 20-Fucosyllactose.pdf,3,Table 1,Table1.Theconversionrateofeightstrainswithtransfucosylationactivity.Theconversionratewas,table_region_p3_158.1_307.2_567.3_790.9,"[158.098, 307.2116624, 567.2760000000001, 790.8994532]",1.0,strong,region_guided,True,112,9,2,"[158.098, 307.2116624, 567.2760000000001, 790.8994532]",1.0,ok,accept,False,0.9,parser_output_passed_quality_checks,False,False,,0,0,0.0,,False,,,0.0,,,False,False,False,False,False,False,False,,0.97,strong,text_context_body_heavy,0.0,0.0,,False,,| Strains | ConversionRate(%) | | --- | --- | | ZS0 | 3.4 | | ZS1 | 8.0 | | ZS2 | 3.6 | | ZS3 | 4.3 | | ZS4 | 5.2 | | ZS5 | 2.7 | | ZS6 | <2.0 | | ZS7 | <2.0 |
2023-Identification and Characterization of a Novel α-L-Fucosidase from Enterococcus gallinarum and Its Application for Production of 20-Fucosyllactose.pdf,3,Table 1,Table1.Theconversionrateofeightstrainswithtransfucosylationactivity.Theconversionratewas,table_region_p3_158.1_307.2_567.3_790.9,"[158.098, 307.2116624, 567.2760000000001, 790.8994532]",1.0,strong,pdfplumber,True,94,9,2,"[158.098, 307.2116624, 567.2760000000001, 790.8994532]",1.0,ok,accept,False,0.9,parser_output_passed_quality_checks,False,False,,0,0,0.0,,False,,,0.0,,,False,False,False,False,False,False,False,,0.97,strong,text_context_body_heavy,0.0,0.0,,False,,| Strains | ConversionRate(%) | | --- | --- | | ZS0 | 3.4 | | ZS1 | 8.0 | | ZS2 | 3.6 | | ZS3 | 4.3 | | ZS4 | 5.2 | | ZS5 | 2.7 | | ZS6 | <2.0 | | ZS7 | <2.0 |
sugita-koketsu-2022-transporter-engineering-enables-the-efficient-production-of-lacto-n-triose-ii-and-lacto-n-tetraose.pdf,6,Table 1,Table 1. Comparison of In Vivo Production of LNT II and LNT Using E. coli,table_region_p6_43.5_53.5_563.5_604.8,"[43.458, 53.46489999999994, 563.4580000000001, 604.8249999999999]",0.75,strong,region_guided,False,227,0,0,,0.0,body_text_contamination,shrink_bbox,True,0.65,region_confidence=0.75 | words=462 | many_long_lines_or_body_words,True,False,shrink_bbox,0,0,0.0,candidate produced no overlapping table chunk,False,,,0.0,,,False,False,False,False,False,False,False,,0.02,failed,no_parser_output | too_few_rows | too_few_cols | text_context_body_heavy,0.02,0.0,unchanged,False,no overlapping table chunk produced for this region,
sugita-koketsu-2022-transporter-engineering-enables-the-efficient-production-of-lacto-n-triose-ii-and-lacto-n-tetraose.pdf,6,Table 1,Table 1. Comparison of In Vivo Production of LNT II and LNT Using E. coli,table_region_p6_43.5_53.5_563.5_604.8,"[43.458, 53.46489999999994, 563.4580000000001, 604.8249999999999]",0.75,strong,pdfplumber,False,279,0,0,,0.0,body_text_contamination,shrink_bbox,True,0.65,region_confidence=0.75 | words=462 | many_long_lines_or_body_words,True,False,shrink_bbox,0,0,0.0,candidate produced no overlapping table chunk,False,,,0.0,,,False,False,False,False,False,False,False,,0.02,failed,no_parser_output | too_few_rows | too_few_cols | text_context_body_heavy,0.02,0.0,unchanged,False,no overlapping table chunk produced for this region,
2021-Efficient Production of 30 -Sialyllactose by Single Whole-Cell in.pdf,4,Table 1,"Table1.Strains,genes,andplasmidsusedinthestudy.",table_region_p4_159.0_93.9_567.3_755.3,"[158.969, 93.88366240000005, 567.2760000000001, 755.3011912]",1.0,strong,region_guided,False,154,0,0,,0.0,body_text_contamination,shrink_bbox,True,0.65,region_confidence=1.00 | words=148 | many_long_lines_or_body_words,True,True,shrink_bbox,26,3,1.0,,False,,,0.0,,,False,False,False,False,False,False,False,,0.07,failed,no_parser_output | too_few_rows | too_few_cols | text_context_body_heavy,0.829,0.759,improved,True,no overlapping table chunk produced for this region,
2021-Efficient Production of 30 -Sialyllactose by Single Whole-Cell in.pdf,4,Table 1,"Table1.Strains,genes,andplasmidsusedinthestudy.",table_region_p4_159.0_93.9_567.3_755.3,"[158.969, 93.88366240000005, 567.2760000000001, 755.3011912]",1.0,strong,pdfplumber,False,156,0,0,,0.0,body_text_contamination,shrink_bbox,True,0.65,region_confidence=1.00 | words=148 | many_long_lines_or_body_words,True,True,shrink_bbox,26,3,1.0,,False,,,0.0,,,False,False,False,False,False,False,False,,0.07,failed,no_parser_output | too_few_rows | too_few_cols | text_context_body_heavy,0.829,0.759,improved,True,no overlapping table chunk produced for this region,
2024-Recent Advances in the Microbial Production of Human Milk.pdf,18,Table 1,Table 1,table_region_p18_70.0_77.2_525.0_633.9,"[69.995, 77.16600000000005, 525.0000100000001, 633.8775]",0.9,strong,region_guided,True,138,9,7,"[77.995, 81.16600000000005, 517.0000100000001, 602.1275]",1.0,header_or_span_complexity,retry_text_strategy,True,0.65,structural_quality:low_consistency,True,True,retry_text_strategy,9,7,1.0,,False,,,0.0,,,False,False,False,False,False,False,False,,0.919,strong,low_consistency,0.919,0.0,unchanged,False,,"| Product Structure | Host Organism F | eedstocks Lactose, | 5L fed- | Duration Pr batch bioreactor, | oduct Titer | Reference | | --- | --- | --- | --- | --- | --- | --- | | 2’-FL | E. coli MG1655 | Glycerol Lactose, | 3L fed- | 38.5h batc"
2024-Recent Advances in the Microbial Production of Human Milk.pdf,18,Table 1,Table 1,table_region_p18_70.0_77.2_525.0_633.9,"[69.995, 77.16600000000005, 525.0000100000001, 633.8775]",0.9,strong,pdfplumber,True,81,9,7,"[77.995, 81.16600000000005, 517.0000100000001, 602.1275]",1.0,header_or_span_complexity,retry_text_strategy,True,0.65,structural_quality:low_consistency,True,True,retry_text_strategy,9,7,1.0,,False,,,0.0,,,False,False,False,False,False,False,False,,0.919,strong,low_consistency,0.919,0.0,unchanged,False,,"| Product Structure | Host Organism F | eedstocks Lactose, | 5L fed- | Duration Pr batch bioreactor, | oduct Titer | Reference | | --- | --- | --- | --- | --- | --- | --- | | 2’-FL | E. coli MG1655 | Glycerol Lactose, | 3L fed- | 38.5h batc"
Metal ion availability and homeostasis as drivers of metabolic evolution and enzyme function(科研通-ablesci.com).pdf,5,Table 1,Table 1,table_region_p5_129.2_75.8_439.8_739.5,"[129.17107140000002, 75.75822419999997, 439.82026126, 739.4522000000001]",0.65,strong,region_guided,False,337,0,0,,0.0,no_parser_output,retry_text_strategy,True,0.6,region_confidence=0.65 | words=303 | strong_caption_region_without_parser_output,True,False,retry_text_strategy,0,0,0.0,retry produced no overlapping table chunk,False,,,0.0,,,False,False,False,False,False,False,False,,0.15,failed,no_parser_output | too_few_rows | too_few_cols,0.15,0.0,unchanged,False,no overlapping table chunk produced for this region,
Metal ion availability and homeostasis as drivers of metabolic evolution and enzyme function(科研通-ablesci.com).pdf,7,Table 2,Table 2,table_region_p7_52.9_82.2_566.9_302.8,"[52.9449, 82.20407139999998, 566.945, 302.7660000000001]",1.0,strong,region_guided,True,337,11,14,"[60.94479999999993, 86.20407139999998, 558.9698000000001, 302.4630000000001]",1.0,header_or_span_complexity,retry_text_strategy,True,0.65,structural_quality:low_consistency,True,True,retry_text_strategy,11,14,1.0,,False,,,0.0,,,False,False,False,False,False,False,False,,0.515,suspicious,low_consistency | text_context_body_heavy,0.515,0.0,unchanged,False,,|  | Summary of | patterns of | metal us | age in meta | lloenzymes | . |  |  |  |  |  |  |  | | --- | --- | --- | --- | --- | --- | --- | --- | --- | --- | --- | --- | --- | --- | |  | Type of metal | locatalysis |  |  | Most freque | ntly
Metal ion availability and homeostasis as drivers of metabolic evolution and enzyme function(科研通-ablesci.com).pdf,5,Table 1,Table 1,table_region_p5_129.2_75.8_439.8_739.5,"[129.17107140000002, 75.75822419999997, 439.82026126, 739.4522000000001]",0.65,strong,pdfplumber,False,315,0,0,,0.0,no_parser_output,retry_text_strategy,True,0.6,region_confidence=0.65 | words=303 | strong_caption_region_without_parser_output,True,False,retry_text_strategy,0,0,0.0,retry produced no overlapping table chunk,False,,,0.0,,,False,False,False,False,False,False,False,,0.15,failed,no_parser_output | too_few_rows | too_few_cols,0.15,0.0,unchanged,False,no overlapping table chunk produced for this region,
Metal ion availability and homeostasis as drivers of metabolic evolution and enzyme function(科研通-ablesci.com).pdf,7,Table 2,Table 2,table_region_p7_52.9_82.2_566.9_302.8,"[52.9449, 82.20407139999998, 566.945, 302.7660000000001]",1.0,strong,pdfplumber,True,315,11,14,"[60.94479999999993, 86.20407139999998, 558.9698000000001, 302.4630000000001]",1.0,header_or_span_complexity,retry_text_strategy,True,0.65,structural_quality:low_consistency,True,True,retry_text_strategy,11,14,1.0,,False,,,0.0,,,False,False,False,False,False,False,False,,0.515,suspicious,low_consistency | text_context_body_heavy,0.515,0.0,unchanged,False,,|  | Summary of | patterns of | metal us | age in meta | lloenzymes | . |  |  |  |  |  |  |  | | --- | --- | --- | --- | --- | --- | --- | --- | --- | --- | --- | --- | --- | --- | |  | Type of metal | locatalysis |  |  | Most freque | ntly
酪氨酸酚裂解酶的改造、组成型表达及合成左旋多巴研究_汤梦情(科研通-ablesci.com).pdf,19,Table 2,Table 2-1 Strains and plasmids used in experiments,table_region_p19_0.0_303.0_595.3_841.9,"[0.0, 303.01095999999995, 595.32, 841.92]",1.0,strong,region_guided,True,1270,39,3,"[120.02, 307.01095999999995, 495.09711999999996, 701.5921599999999]",1.0,header_or_span_complexity,retry_text_strategy,True,0.65,structural_quality:low_consistency,True,True,retry_text_strategy,19,6,1.0,,False,,,0.0,,,False,False,False,False,False,False,False,,0.984,strong,low_consistency,0.984,0.0,unchanged,False,,| 名 | 称 |  | | --- | --- | --- | | coli | JM109 |  | | li B | L21(DE3) |  | | Stra | in 1 | E. | | Stra | in 2 | E. | | Stra | in 3 | E. | | Stra | in 4 | E. | | Stra | in 5 | E. | | Stra | in 6 | E. | | Stra | in 7 | E | | pET | -28a | T |
酪氨酸酚裂解酶的改造、组成型表达及合成左旋多巴研究_汤梦情(科研通-ablesci.com).pdf,20,Table 2,Table 2-2 The main instruments and equipmentment,table_region_p20_90.5_105.7_504.3_775.3,"[90.544, 105.7009599999999, 504.3, 775.2719999999999]",1.0,strong,region_guided,False,1270,0,0,,0.0,no_parser_output,retry_text_strategy,True,0.6,region_confidence=1.00 | words=103 | strong_caption_region_without_parser_output,True,False,retry_text_strategy,0,0,0.0,retry produced no overlapping table chunk,False,,,0.0,,,False,False,False,False,False,False,False,,0.15,failed,no_parser_output | too_few_rows | too_few_cols,0.15,0.0,unchanged,False,no overlapping table chunk produced for this region,
酪氨酸酚裂解酶的改造、组成型表达及合成左旋多巴研究_汤梦情(科研通-ablesci.com).pdf,21,Table 2,Table 2-3 Reagents and enzymes,table_region_p21_0.0_403.0_595.3_841.9,"[0.0, 402.99096, 595.32, 841.92]",1.0,strong,region_guided,False,1270,0,0,,0.0,no_parser_output,retry_text_strategy,True,0.6,region_confidence=1.00 | words=43 | strong_caption_region_without_parser_output,True,False,retry_text_strategy,0,0,0.0,retry produced no overlapping table chunk,False,,,0.0,,,False,False,False,False,False,False,False,,0.1,failed,no_parser_output | too_few_rows | too_few_cols,0.1,0.0,unchanged,False,no overlapping table chunk produced for this region,
酪氨酸酚裂解酶的改造、组成型表达及合成左旋多巴研究_汤梦情(科研通-ablesci.com).pdf,22,Table 2,Table 2-4 The PCR reaction system,table_region_p22_0.0_307.8_595.3_841.9,"[0.0, 307.8109599999999, 595.32, 841.92]",1.0,strong,region_guided,True,1270,21,5,"[132.86, 331.77896, 417.10648, 775.29216]",1.0,header_or_span_complexity,retry_text_strategy,True,0.65,structural_quality:low_consistency,True,True,retry_text_strategy,21,5,1.0,,False,,,0.0,,,False,False,False,False,False,False,False,,0.724,usable,low_consistency,0.724,0.0,unchanged,False,,|  |  | Table 2-5 PCR reaction cycle | settings |  | | --- | --- | --- | --- | --- | | 程序 |  | 温度(℃) | 时间 |  | | 预变性 |  | 94 1 | min |  | | 变性 |  | 98 1 | 0 s |  | | 退火 |  | 56 1 | 0 s |  | | 延伸 |  | 72 10 | kb·s-1 |  | | 后延伸 |  | 72 10 | m
酪氨酸酚裂解酶的改造、组成型表达及合成左旋多巴研究_汤梦情(科研通-ablesci.com).pdf,23,Table 2,Table 2-7 Reactions of colony PCR,table_region_p23_90.5_168.5_516.3_840.5,"[90.544, 168.46096, 516.29, 840.48]",1.0,strong,region_guided,True,1270,33,4,"[94.944, 193.6289599999999, 502.87312, 776.2809599999999]",1.0,header_or_span_complexity,retry_text_strategy,True,0.65,structural_quality:low_consistency,True,True,retry_text_strategy,33,4,1.0,,False,,,0.0,,,False,False,False,False,False,False,False,,0.77,usable,low_consistency,0.77,0.0,unchanged,False,,|  | 名称 | 序列(5'-3') |  | | --- | --- | --- | --- | |  |  | AGATCTCGATCCCGCGAAATTTGACAATTA | ATCATCCGGCTCGTAATT | |  | P1 | TATGTGGATAGGACCTCTAGAAATAATTTT | GTTTAACTTTAAGATCTT | |  |  | AATCTAGCTAGGGATATTTTATATACCAT | GG | |  |  | AGATCTCGAT
酪氨酸酚裂解酶的改造、组成型表达及合成左旋多巴研究_汤梦情(科研通-ablesci.com).pdf,24,Table 2,Table 2-9 Double enzyme digestive system,table_region_p24_90.5_190.5_504.3_837.6,"[90.544, 190.54095999999993, 504.3, 837.6239999999999]",1.0,strong,region_guided,True,1270,27,3,"[94.944, 215.58895999999993, 501.744, 784.0319999999999]",1.0,header_or_span_complexity,retry_text_strategy,True,0.65,structural_quality:low_consistency,True,True,retry_text_strategy,27,3,1.0,,False,,,0.0,,,False,False,False,False,False,False,False,,0.788,strong,low_consistency,0.788,0.0,unchanged,False,,|  | 组分 | 体系(µL) | | --- | --- | --- | |  | tpl回收产物 | 2 | |  | 线性质粒 | 8 | | T | 4 DNA Ligase | 1 | | 10×T4 | DNA Ligase Buffer | 2.5 | |  | dd H O 2 | Up to 25 | | 感受态细胞的 | 制备和转化验证 |  | | 在LB 固体培养 | 基上平板划线活化-80℃中保存的 E. co | li JM109/BL21(DE
酪氨酸酚裂解酶的改造、组成型表达及合成左旋多巴研究_汤梦情(科研通-ablesci.com).pdf,25,Table 2,Table 2-11 Whole cell catalytic reaction system,table_region_p25_0.0_404.0_595.3_841.9,"[0.0, 403.95095999999995, 595.32, 841.92]",1.0,strong,region_guided,True,1270,17,3,"[94.944, 428.03896, 463.048, 777.5519999999999]",1.0,header_or_span_complexity,retry_text_strategy,True,0.65,structural_quality:low_consistency,True,True,retry_text_strategy,17,3,1.0,,False,,,0.0,,,False,False,False,False,False,False,False,,0.929,strong,low_consistency,0.929,0.0,unchanged,False,,|  | 体系 | 浓度（g·L-1） | | --- | --- | --- | |  | 丙酮酸钠 | 25 | |  | 邻苯二酚 | 15 | |  | 乙酸铵 | 50 | |  | 磷酸吡哆醛 | 0.25 | |  | 氯化钾 | 0.75 | |  | 乙二胺四乙酸二钠 | 2.6 | |  | 亚硫酸钠 | 37.8 | | （3）最适反 | 应pH |  | | 向反应体系 | 中添加氨水或稀释的盐酸，调节反应体系 | 中缓冲液的 pH 值 | | 8.0
酪氨酸酚裂解酶的改造、组成型表达及合成左旋多巴研究_汤梦情(科研通-ablesci.com).pdf,39,Table 3,Table 3-1 Design and results of orthogonal experiments,table_region_p39_0.0_229.7_469.6_841.9,"[0.0, 229.66095999999993, 469.61999999999995, 841.92]",0.9,strong,region_guided,True,1270,23,6,"[70.944, 264.00656000000004, 467.17768, 738.8919999999999]",1.0,header_or_span_complexity,retry_text_strategy,True,0.65,structural_quality:low_consistency,True,True,retry_text_strategy,23,6,1.0,,False,,,0.0,,,False,False,False,False,False,False,False,,0.786,strong,low_consistency,0.786,0.0,unchanged,False,,| T | est number /(g | ·L-1) /( | g·L-1) /( | g·L-1) | /(g·L- | | --- | --- | --- | --- | --- | --- | |  | 1 | 1(14) | 1(26) | 1(6) | 22.9 | |  | 2 | 1 | 2(28) | 2(8) | 24.2 | |  | 3 | 1 | 3(30) | 3(10) | 25.4 | |  | 4 | 2(16) | 1 | 2 | 24.
酪氨酸酚裂解酶的改造、组成型表达及合成左旋多巴研究_汤梦情(科研通-ablesci.com).pdf,51,Table 3,Table 3-1 Primer sequence,table_region_p51_66.3_144.1_529.0_715.3,"[66.304, 144.10096, 529.02, 715.3]",1.0,strong,region_guided,True,1270,14,2,"[123.74, 209.1809599999999, 512.6852, 643.5409599999999]",1.0,ok,accept,False,0.9,parser_output_passed_quality_checks,False,False,,0,0,0.0,,False,,,0.0,,,False,False,False,False,False,False,False,,1.0,strong,passed_self_check,0.0,0.0,,False,,| mH I (F) | TGGGTCGCGGATCCATGATTATGAAGAC | | --- | --- | | d Ⅲ (R) | CGGCCGCAAGCTTTTAAATATGCTCGAA | | P1-F | TGCGTCCGGCGTAGAGGATCGAGATCTCGATCCCG | | P1-R | GATGATGATGATGGCTGCTGCCCATGGTATATAAAATATCC | | P2-F | TGCGTCCGGCGTAGAGGATCGAGATCTCGA
酪氨酸酚裂解酶的改造、组成型表达及合成左旋多巴研究_汤梦情(科研通-ablesci.com).pdf,19,Table 2,Table 2-1 Strains and plasmids used in experiments,table_region_p19_0.0_303.0_595.3_841.9,"[0.0, 303.01095999999995, 595.32, 841.92]",1.0,strong,pdfplumber,True,1349,19,6,"[120.02, 307.01095999999995, 495.09711999999996, 701.5921599999999]",1.0,header_or_span_complexity,retry_text_strategy,True,0.65,structural_quality:low_consistency,True,True,retry_text_strategy,19,6,1.0,,False,,,0.0,,,False,False,False,False,False,False,False,,0.984,strong,low_consistency,0.984,0.0,unchanged,False,,| 名 | 称 |  |  | 特点 | 来源 | | --- | --- | --- | --- | --- | --- | | coli | JM109 |  |  | 克隆菌株 | TaKaRa | | li B | L21(DE3) |  |  | 表达菌株 | TaKaRa | | Stra | in 1 | E. | coli | BL21(DE3)/(pET-28a-P1-tpl) | 本实验 | | Stra | in 2 | E. | coli | BL21
酪氨酸酚裂解酶的改造、组成型表达及合成左旋多巴研究_汤梦情(科研通-ablesci.com).pdf,20,Table 2,Table 2-2 The main instruments and equipmentment,table_region_p20_90.5_105.7_504.3_775.3,"[90.544, 105.7009599999999, 504.3, 775.2719999999999]",1.0,strong,pdfplumber,False,1349,0,0,,0.0,no_parser_output,retry_text_strategy,True,0.6,region_confidence=1.00 | words=103 | strong_caption_region_without_parser_output,True,False,retry_text_strategy,0,0,0.0,retry produced no overlapping table chunk,False,,,0.0,,,False,False,False,False,False,False,False,,0.15,failed,no_parser_output | too_few_rows | too_few_cols,0.15,0.0,unchanged,False,no overlapping table chunk produced for this region,
酪氨酸酚裂解酶的改造、组成型表达及合成左旋多巴研究_汤梦情(科研通-ablesci.com).pdf,21,Table 2,Table 2-3 Reagents and enzymes,table_region_p21_0.0_403.0_595.3_841.9,"[0.0, 402.99096, 595.32, 841.92]",1.0,strong,pdfplumber,False,1349,0,0,,0.0,no_parser_output,retry_text_strategy,True,0.6,region_confidence=1.00 | words=43 | strong_caption_region_without_parser_output,True,False,retry_text_strategy,0,0,0.0,retry produced no overlapping table chunk,False,,,0.0,,,False,False,False,False,False,False,False,,0.1,failed,no_parser_output | too_few_rows | too_few_cols,0.1,0.0,unchanged,False,no overlapping table chunk produced for this region,
酪氨酸酚裂解酶的改造、组成型表达及合成左旋多巴研究_汤梦情(科研通-ablesci.com).pdf,22,Table 2,Table 2-4 The PCR reaction system,table_region_p22_0.0_307.8_595.3_841.9,"[0.0, 307.8109599999999, 595.32, 841.92]",1.0,strong,pdfplumber,True,1349,21,5,"[132.86, 331.77896, 417.10648, 775.29216]",1.0,header_or_span_complexity,retry_text_strategy,True,0.65,structural_quality:low_consistency,True,True,retry_text_strategy,21,5,1.0,,False,,,0.0,,,False,False,False,False,False,False,False,,0.724,usable,low_consistency,0.724,0.0,unchanged,False,,|  |  | Table 2-5 PCR reaction cycle | settings |  | | --- | --- | --- | --- | --- | | 程序 |  | 温度(℃) | 时间 |  | | 预变性 |  | 94 1 | min |  | | 变性 |  | 98 1 | 0 s |  | | 退火 |  | 56 1 | 0 s |  | | 延伸 |  | 72 10 | kb·s-1 |  | | 后延伸 |  | 72 10 | m
酪氨酸酚裂解酶的改造、组成型表达及合成左旋多巴研究_汤梦情(科研通-ablesci.com).pdf,23,Table 2,Table 2-7 Reactions of colony PCR,table_region_p23_90.5_168.5_516.3_840.5,"[90.544, 168.46096, 516.29, 840.48]",1.0,strong,pdfplumber,True,1349,33,4,"[94.944, 193.6289599999999, 502.87312, 776.2809599999999]",1.0,header_or_span_complexity,retry_text_strategy,True,0.65,structural_quality:low_consistency,True,True,retry_text_strategy,33,4,1.0,,False,,,0.0,,,False,False,False,False,False,False,False,,0.77,usable,low_consistency,0.77,0.0,unchanged,False,,|  | 名称 | 序列(5'-3') |  | | --- | --- | --- | --- | |  |  | AGATCTCGATCCCGCGAAATTTGACAATTA | ATCATCCGGCTCGTAATT | |  | P1 | TATGTGGATAGGACCTCTAGAAATAATTTT | GTTTAACTTTAAGATCTT | |  |  | AATCTAGCTAGGGATATTTTATATACCAT | GG | |  |  | AGATCTCGAT
酪氨酸酚裂解酶的改造、组成型表达及合成左旋多巴研究_汤梦情(科研通-ablesci.com).pdf,24,Table 2,Table 2-9 Double enzyme digestive system,table_region_p24_90.5_190.5_504.3_837.6,"[90.544, 190.54095999999993, 504.3, 837.6239999999999]",1.0,strong,pdfplumber,True,1349,27,3,"[94.944, 215.58895999999993, 501.744, 784.0319999999999]",1.0,header_or_span_complexity,retry_text_strategy,True,0.65,structural_quality:low_consistency,True,True,retry_text_strategy,27,3,1.0,,False,,,0.0,,,False,False,False,False,False,False,False,,0.788,strong,low_consistency,0.788,0.0,unchanged,False,,|  | 组分 | 体系(µL) | | --- | --- | --- | |  | tpl回收产物 | 2 | |  | 线性质粒 | 8 | | T | 4 DNA Ligase | 1 | | 10×T4 | DNA Ligase Buffer | 2.5 | |  | dd H O 2 | Up to 25 | | 感受态细胞的 | 制备和转化验证 |  | | 在LB 固体培养 | 基上平板划线活化-80℃中保存的 E. co | li JM109/BL21(DE
酪氨酸酚裂解酶的改造、组成型表达及合成左旋多巴研究_汤梦情(科研通-ablesci.com).pdf,25,Table 2,Table 2-11 Whole cell catalytic reaction system,table_region_p25_0.0_404.0_595.3_841.9,"[0.0, 403.95095999999995, 595.32, 841.92]",1.0,strong,pdfplumber,True,1349,17,3,"[94.944, 428.03896, 463.048, 777.5519999999999]",1.0,header_or_span_complexity,retry_text_strategy,True,0.65,structural_quality:low_consistency,True,True,retry_text_strategy,17,3,1.0,,False,,,0.0,,,False,False,False,False,False,False,False,,0.929,strong,low_consistency,0.929,0.0,unchanged,False,,|  | 体系 | 浓度（g·L-1） | | --- | --- | --- | |  | 丙酮酸钠 | 25 | |  | 邻苯二酚 | 15 | |  | 乙酸铵 | 50 | |  | 磷酸吡哆醛 | 0.25 | |  | 氯化钾 | 0.75 | |  | 乙二胺四乙酸二钠 | 2.6 | |  | 亚硫酸钠 | 37.8 | | （3）最适反 | 应pH |  | | 向反应体系 | 中添加氨水或稀释的盐酸，调节反应体系 | 中缓冲液的 pH 值 | | 8.0
酪氨酸酚裂解酶的改造、组成型表达及合成左旋多巴研究_汤梦情(科研通-ablesci.com).pdf,39,Table 3,Table 3-1 Design and results of orthogonal experiments,table_region_p39_0.0_229.7_469.6_841.9,"[0.0, 229.66095999999993, 469.61999999999995, 841.92]",0.9,strong,pdfplumber,True,1349,23,6,"[70.944, 264.00656000000004, 467.17768, 738.8919999999999]",1.0,header_or_span_complexity,retry_text_strategy,True,0.65,structural_quality:low_consistency,True,True,retry_text_strategy,23,6,1.0,,False,,,0.0,,,False,False,False,False,False,False,False,,0.786,strong,low_consistency,0.786,0.0,unchanged,False,,| T | est number /(g | ·L-1) /( | g·L-1) /( | g·L-1) | /(g·L- | | --- | --- | --- | --- | --- | --- | |  | 1 | 1(14) | 1(26) | 1(6) | 22.9 | |  | 2 | 1 | 2(28) | 2(8) | 24.2 | |  | 3 | 1 | 3(30) | 3(10) | 25.4 | |  | 4 | 2(16) | 1 | 2 | 24.
酪氨酸酚裂解酶的改造、组成型表达及合成左旋多巴研究_汤梦情(科研通-ablesci.com).pdf,51,Table 3,Table 3-1 Primer sequence,table_region_p51_66.3_144.1_529.0_715.3,"[66.304, 144.10096, 529.02, 715.3]",1.0,strong,pdfplumber,True,1349,14,2,"[123.74, 209.1809599999999, 512.6852, 643.5409599999999]",1.0,ok,accept,False,0.9,parser_output_passed_quality_checks,False,False,,0,0,0.0,,False,,,0.0,,,False,False,False,False,False,False,False,,1.0,strong,passed_self_check,0.0,0.0,,False,,| mH I (F) | TGGGTCGCGGATCCATGATTATGAAGAC | | --- | --- | | d Ⅲ (R) | CGGCCGCAAGCTTTTAAATATGCTCGAA | | P1-F | TGCGTCCGGCGTAGAGGATCGAGATCTCGATCCCG | | P1-R | GATGATGATGATGGCTGCTGCCCATGGTATATAAAATATCC | | P2-F | TGCGTCCGGCGTAGAGGATCGAGATCTCGA
j.mimet.2011.04.018.pdf,2,Table 1,"Table1 laboratory media (Davis et al., 2005). Moreover, this study also",table_region_p2_34.5_53.4_569.5_713.0,"[34.5197, 53.375747219999994, 569.5443437, 713.0288135999999]",1.0,strong,region_guided,True,230,10,2,"[48.47169600000001, 57.375747219999994, 561.6120904, 705.4972339999999]",1.0,ok,accept,False,0.9,parser_output_passed_quality_checks,False,False,,0,0,0.0,,False,,,0.0,,,False,False,False,False,False,False,False,,0.773,usable,text_context_body_heavy,0.0,0.0,,False,,"| column 1 | column 2 | | --- | --- | | ble1 me interacting factors influencing gene expression, the viable but not | cultural | | BNC)state,microbialsurvivalandlossofviabilityintheenvironment. |  | | Soiltexture |  | | pH Temperature |  | "
j.mimet.2011.04.018.pdf,2,Table 3,Table3,table_region_p2_34.5_559.9_569.5_793.7,"[34.5197, 559.882936, 569.543, 793.701]",0.95,strong,region_guided,True,230,10,2,"[48.47169600000001, 57.375747219999994, 561.6120904, 705.4972339999999]",0.597,ok,accept,False,0.9,parser_output_passed_quality_checks,False,False,,0,0,0.0,,False,,,0.0,,,False,False,False,False,False,False,False,,0.693,usable,bbox_much_larger_than_region | text_context_body_heavy,0.0,0.0,,False,,"| column 1 | column 2 | | --- | --- | | ble1 me interacting factors influencing gene expression, the viable but not | cultural | | BNC)state,microbialsurvivalandlossofviabilityintheenvironment. |  | | Soiltexture |  | | pH Temperature |  | "
j.mimet.2011.04.018.pdf,2,Table 1,"Table1 laboratory media (Davis et al., 2005). Moreover, this study also",table_region_p2_34.5_53.4_569.5_713.0,"[34.5197, 53.375747219999994, 569.5443437, 713.0288135999999]",1.0,strong,pdfplumber,True,253,10,2,"[48.47169600000001, 57.375747219999994, 561.6120904, 705.4972339999999]",1.0,ok,accept,False,0.9,parser_output_passed_quality_checks,False,False,,0,0,0.0,,False,,,0.0,,,False,False,False,False,False,False,False,,0.773,usable,text_context_body_heavy,0.0,0.0,,False,,"| column 1 | column 2 | | --- | --- | | ble1 me interacting factors influencing gene expression, the viable but not | cultural | | BNC)state,microbialsurvivalandlossofviabilityintheenvironment. |  | | Soiltexture |  | | pH Temperature |  | "
j.mimet.2011.04.018.pdf,2,Table 3,Table3,table_region_p2_34.5_559.9_569.5_793.7,"[34.5197, 559.882936, 569.543, 793.701]",0.95,strong,pdfplumber,True,253,10,2,"[48.47169600000001, 57.375747219999994, 561.6120904, 705.4972339999999]",0.597,ok,accept,False,0.9,parser_output_passed_quality_checks,False,False,,0,0,0.0,,False,,,0.0,,,False,False,False,False,False,False,False,,0.693,usable,bbox_much_larger_than_region | text_context_body_heavy,0.0,0.0,,False,,"| column 1 | column 2 | | --- | --- | | ble1 me interacting factors influencing gene expression, the viable but not | cultural | | BNC)state,microbialsurvivalandlossofviabilityintheenvironment. |  | | Soiltexture |  | | pH Temperature |  | "
"55、cstI晶体结构分析，Structural analysis of the alpha-2,3-sialyltransferase Cst-I from Campylobacter jejuni in apo and substrate-analogue bound forms.pdf",3,Table 1,Table1: DataCollectionandRefinementStatistics,table_region_p3_310.0_47.6_565.5_712.8,"[309.981, 47.57437700000003, 565.452, 712.824226]",1.0,strong,region_guided,False,201,0,0,,0.0,body_text_contamination,shrink_bbox,True,0.65,region_confidence=1.00 | words=281 | many_long_lines_or_body_words,True,True,shrink_bbox,29,3,1.0,,False,,,0.0,,,False,False,False,False,False,False,False,,0.07,failed,no_parser_output | too_few_rows | too_few_cols | text_context_body_heavy,0.896,0.826,improved,True,no overlapping table chunk produced for this region,
"55、cstI晶体结构分析，Structural analysis of the alpha-2,3-sialyltransferase Cst-I from Campylobacter jejuni in apo and substrate-analogue bound forms.pdf",3,Table 1,"Table 1. membersofCAZyfamily42),andanadditionalC-terminal",table_region_p3_46.6_433.9_565.8_781.7,"[46.560119799999995, 433.87267539999993, 565.8115099999999, 781.6644436]",0.55,gray,region_guided,False,201,0,0,,0.0,body_text_contamination,shrink_bbox,True,0.65,region_confidence=0.55 | words=288 | many_long_lines_or_body_words,True,False,shrink_bbox,0,0,0.0,candidate produced no overlapping table chunk,False,,,0.0,,,False,False,False,False,False,False,False,,0.02,failed,no_parser_output | too_few_rows | too_few_cols | text_context_body_heavy,0.02,0.0,unchanged,False,no overlapping table chunk produced for this region,
"55、cstI晶体结构分析，Structural analysis of the alpha-2,3-sialyltransferase Cst-I from Campylobacter jejuni in apo and substrate-analogue bound forms.pdf",3,Table 1,Table1: DataCollectionandRefinementStatistics,table_region_p3_310.0_47.6_565.5_712.8,"[309.981, 47.57437700000003, 565.452, 712.824226]",1.0,strong,pdfplumber,False,230,0,0,,0.0,body_text_contamination,shrink_bbox,True,0.65,region_confidence=1.00 | words=281 | many_long_lines_or_body_words,True,True,shrink_bbox,29,3,1.0,,False,,,0.0,,,False,False,False,False,False,False,False,,0.07,failed,no_parser_output | too_few_rows | too_few_cols | text_context_body_heavy,0.896,0.826,improved,True,no overlapping table chunk produced for this region,
"55、cstI晶体结构分析，Structural analysis of the alpha-2,3-sialyltransferase Cst-I from Campylobacter jejuni in apo and substrate-analogue bound forms.pdf",3,Table 1,"Table 1. membersofCAZyfamily42),andanadditionalC-terminal",table_region_p3_46.6_433.9_565.8_781.7,"[46.560119799999995, 433.87267539999993, 565.8115099999999, 781.6644436]",0.55,gray,pdfplumber,False,230,0,0,,0.0,body_text_contamination,shrink_bbox,True,0.65,region_confidence=0.55 | words=288 | many_long_lines_or_body_words,True,False,shrink_bbox,0,0,0.0,candidate produced no overlapping table chunk,False,,,0.0,,,False,False,False,False,False,False,False,,0.02,failed,no_parser_output | too_few_rows | too_few_cols | text_context_body_heavy,0.02,0.0,unchanged,False,no overlapping table chunk produced for this region,
72、△arcA△iclR引入nox完全消除溢流代谢，Biosensor-Assisted Multitarget Gene Fine-Tuning for N‑Acetylneuraminic Acid Production in Escherichia coli with Sole Carbon Source Glucose.pdf,2,Table 1,Table 1. Strains Used in This Study,table_region_p2_43.5_56.7_563.5_721.9,"[43.4576, 56.684999999999945, 563.458, 721.934]",0.9,strong,region_guided,True,433,9,3,"[43.4576, 56.684999999999945, 563.458, 721.934]",1.0,header_or_span_complexity,retry_text_strategy,True,0.65,structural_quality:low_consistency,True,True,retry_text_strategy,9,3,1.0,,False,,,0.0,,,False,False,False,False,False,False,False,,0.764,usable,low_consistency | text_context_body_heavy,0.764,0.0,unchanged,False,,| strains | characteristics | source or reference | | --- | --- | --- | | E.coli cloninghost |  | labstock | | JM109 |  |  | | E.coliBL21 biosensorcharacterizationstrain |  | labstock | | (DE3) |  |  | | nanA::P tac |  |  | | nanT |  |  | |
72、△arcA△iclR引入nox完全消除溢流代谢，Biosensor-Assisted Multitarget Gene Fine-Tuning for N‑Acetylneuraminic Acid Production in Escherichia coli with Sole Carbon Source Glucose.pdf,3,Table S1,"TableS1, andall primers usedforplasmid construction arelisted in",table_region_p3_43.5_432.9_563.5_589.9,"[43.47749999999999, 432.8959, 563.4842000000001, 589.9144999999999]",0.75,strong,region_guided,False,433,0,0,,0.0,body_text_contamination,shrink_bbox,True,0.65,region_confidence=0.75 | words=207 | many_long_lines_or_body_words,True,False,shrink_bbox,0,0,0.0,candidate produced no overlapping table chunk,False,,,0.0,,,False,False,False,False,False,False,False,,0.02,failed,no_parser_output | too_few_rows | too_few_cols | text_context_body_heavy,0.02,0.0,unchanged,False,no overlapping table chunk produced for this region,
72、△arcA△iclR引入nox完全消除溢流代谢，Biosensor-Assisted Multitarget Gene Fine-Tuning for N‑Acetylneuraminic Acid Production in Escherichia coli with Sole Carbon Source Glucose.pdf,2,Table 1,Table 1. Strains Used in This Study,table_region_p2_43.5_56.7_563.5_721.9,"[43.4576, 56.684999999999945, 563.458, 721.934]",0.9,strong,pdfplumber,True,425,9,3,"[43.4576, 56.684999999999945, 563.458, 721.934]",1.0,header_or_span_complexity,retry_text_strategy,True,0.65,structural_quality:low_consistency,True,True,retry_text_strategy,9,3,1.0,,False,,,0.0,,,False,False,False,False,False,False,False,,0.764,usable,low_consistency | text_context_body_heavy,0.764,0.0,unchanged,False,,| strains | characteristics | source or reference | | --- | --- | --- | | E.coli cloninghost |  | labstock | | JM109 |  |  | | E.coliBL21 biosensorcharacterizationstrain |  | labstock | | (DE3) |  |  | | nanA::P tac |  |  | | nanT |  |  | |
72、△arcA△iclR引入nox完全消除溢流代谢，Biosensor-Assisted Multitarget Gene Fine-Tuning for N‑Acetylneuraminic Acid Production in Escherichia coli with Sole Carbon Source Glucose.pdf,3,Table S1,"TableS1, andall primers usedforplasmid construction arelisted in",table_region_p3_43.5_432.9_563.5_589.9,"[43.47749999999999, 432.8959, 563.4842000000001, 589.9144999999999]",0.75,strong,pdfplumber,False,425,0,0,,0.0,body_text_contamination,shrink_bbox,True,0.65,region_confidence=0.75 | words=207 | many_long_lines_or_body_words,True,False,shrink_bbox,0,0,0.0,candidate produced no overlapping table chunk,False,,,0.0,,,False,False,False,False,False,False,False,,0.02,failed,no_parser_output | too_few_rows | too_few_cols | text_context_body_heavy,0.02,0.0,unchanged,False,no overlapping table chunk produced for this region,
"84、新型α2,6-SiaT Sm6ST，Simonsiella muelleri α2,6-sialyltransferase enables efficient biosynthesis of 6′-sialyllactose in both plasmid-dependent and plasmid-free engineered Escherichia coli.pdf",3,Table 1,Table 1 Table 1 (continued),table_region_p3_29.6_53.1_565.7_391.6,"[29.587400000000002, 53.09094700000003, 565.662, 391.63684995999995]",1.0,strong,region_guided,True,551,60,4,"[43.5968, 79.92411227090916, 557.68251095, 382.46865770750003]",1.0,header_or_span_complexity,retry_text_strategy,True,0.65,structural_quality:low_consistency,True,True,retry_text_strategy,12,3,1.0,,False,,,0.0,,,False,False,False,False,False,False,False,,0.793,strong,low_consistency | text_context_body_heavy,0.951,0.158,improved,True,,| Strains BL21ZAK | Characteristics E. coli BL21(DE3) ΔlacZΔnanAΔnanK | Source This | BL- | | --- | --- | --- | --- | |  |  | study | BL- | | BL21ZAKT | E. coli BL21(DE3) ΔlacZΔnanAΔnanKΔnanT | This |  | |  |  | study | MB | | BL21ZAKET | E
"84、新型α2,6-SiaT Sm6ST，Simonsiella muelleri α2,6-sialyltransferase enables efficient biosynthesis of 6′-sialyllactose in both plasmid-dependent and plasmid-free engineered Escherichia coli.pdf",9,Table 2,Table 2,table_region_p9_29.6_53.1_565.7_401.8,"[29.587400000000002, 53.09094700000003, 565.663, 401.8461931499999]",0.9,strong,region_guided,True,551,9,15,"[37.5874, 57.09094700000003, 557.66125385, 398.76214078]",1.0,header_or_span_complexity,retry_text_strategy,True,0.65,structural_quality:low_consistency,True,True,retry_text_strategy,9,15,1.0,,False,,,0.0,,,False,False,False,False,False,False,False,,0.615,usable,low_consistency | text_context_body_heavy,0.615,0.0,unchanged,False,,"| Host c | ell | α2,6-SiaT |  |  |  | Metabolic engineerin | g strate | gy |  |  | Titer |  | Ref | erence | | --- | --- | --- | --- | --- | --- | --- | --- | --- | --- | --- | --- | --- | --- | --- | | E. coli | DH1 | Truncated α2,6 | -Sia"
"84、新型α2,6-SiaT Sm6ST，Simonsiella muelleri α2,6-sialyltransferase enables efficient biosynthesis of 6′-sialyllactose in both plasmid-dependent and plasmid-free engineered Escherichia coli.pdf",3,Table 1,Table 1 Table 1 (continued),table_region_p3_29.6_53.1_565.7_391.6,"[29.587400000000002, 53.09094700000003, 565.662, 391.63684995999995]",1.0,strong,pdfplumber,True,557,12,3,"[43.5968, 79.92411227090916, 557.68251095, 382.46865770750003]",1.0,body_text_contamination,shrink_bbox,True,0.75,structural_quality:prose_like_cells,True,True,shrink_bbox,16,3,1.0,,False,,,0.0,,,False,False,False,False,False,False,False,,0.951,strong,prose_like_cells | text_context_body_heavy,0.953,0.002,unchanged,False,,| Strains | Characteristics | Source | | --- | --- | --- | | BL21ZAK | ΔlacZΔnanAΔnanK E. coli BL21(DE3) | and pCD-Sm6ST study This BL-6SL33 BL21ZAK harboring plasmids pET-1BCA-2Mh(US)h This study | | BL21ZAKT | ΔlacZΔnanAΔnanKΔnanT E. coli
"84、新型α2,6-SiaT Sm6ST，Simonsiella muelleri α2,6-sialyltransferase enables efficient biosynthesis of 6′-sialyllactose in both plasmid-dependent and plasmid-free engineered Escherichia coli.pdf",9,Table 2,Table 2,table_region_p9_29.6_53.1_565.7_401.8,"[29.587400000000002, 53.09094700000003, 565.663, 401.8461931499999]",0.9,strong,pdfplumber,True,557,9,15,"[37.5874, 57.09094700000003, 557.66125385, 398.76214078]",1.0,header_or_span_complexity,retry_text_strategy,True,0.65,structural_quality:low_consistency,True,True,retry_text_strategy,9,15,1.0,,False,,,0.0,,,False,False,False,False,False,False,False,,0.615,usable,low_consistency | text_context_body_heavy,0.615,0.0,unchanged,False,,"| Host c | ell | α2,6-SiaT |  |  |  | Metabolic engineerin | g strate | gy |  |  | Titer |  | Ref | erence | | --- | --- | --- | --- | --- | --- | --- | --- | --- | --- | --- | --- | --- | --- | --- | | E. coli | DH1 | Truncated α2,6 | -Sia"
86、rhaB编码的RhuK酶，Substrate spectrum of L-rhamnulose kinase related to models derived from two ternary complex structures.pdf,2,Table 1,Table1 TheadeninemoietyofADPbindsinanon-polarcrevicemade,table_region_p2_39.8_53.8_557.9_461.3,"[39.792, 53.78047448999996, 557.921, 461.329]",1.0,strong,region_guided,False,259,0,0,,0.0,body_text_contamination,shrink_bbox,True,0.65,region_confidence=1.00 | words=179 | many_long_lines_or_body_words,True,False,shrink_bbox,0,0,0.0,candidate produced no overlapping table chunk,False,,,0.0,,,False,False,False,False,False,False,False,,0.07,failed,no_parser_output | too_few_rows | too_few_cols | text_context_body_heavy,0.07,0.0,unchanged,False,no overlapping table chunk produced for this region,
86、rhaB编码的RhuK酶，Substrate spectrum of L-rhamnulose kinase related to models derived from two ternary complex structures.pdf,3,Table 2,Table2,table_region_p3_37.4_53.9_555.5_431.0,"[37.354, 53.8882122, 555.4830000000001, 430.95169999999973]",1.0,strong,region_guided,True,259,35,3,"[37.354, 53.8882122, 555.4830000000001, 430.95169999999973]",1.0,ok,accept,False,0.9,parser_output_passed_quality_checks,False,False,,0,0,0.0,,False,,,0.0,,,False,False,False,False,False,False,False,,0.97,strong,text_context_body_heavy,0.0,0.0,,False,,| Substrate | ModelFig.2 | Catomconfigurationa 3 4 5 | | --- | --- | --- | | LL-rhamnulose | A | R S S | | 6-deoxy-DD-sorbose | A | Rb R S | | LL-xylulose | – | R S - | | LL-fructose | B | Sc R S | | LL-fuculose | A | Rd R S | | DD-ribulose
86、rhaB编码的RhuK酶，Substrate spectrum of L-rhamnulose kinase related to models derived from two ternary complex structures.pdf,2,Table 1,Table1 TheadeninemoietyofADPbindsinanon-polarcrevicemade,table_region_p2_39.8_53.8_557.9_461.3,"[39.792, 53.78047448999996, 557.921, 461.329]",1.0,strong,pdfplumber,False,305,0,0,,0.0,body_text_contamination,shrink_bbox,True,0.65,region_confidence=1.00 | words=179 | many_long_lines_or_body_words,True,False,shrink_bbox,0,0,0.0,candidate produced no overlapping table chunk,False,,,0.0,,,False,False,False,False,False,False,False,,0.07,failed,no_parser_output | too_few_rows | too_few_cols | text_context_body_heavy,0.07,0.0,unchanged,False,no overlapping table chunk produced for this region,
86、rhaB编码的RhuK酶，Substrate spectrum of L-rhamnulose kinase related to models derived from two ternary complex structures.pdf,3,Table 2,Table2,table_region_p3_37.4_53.9_555.5_431.0,"[37.354, 53.8882122, 555.4830000000001, 430.95169999999973]",1.0,strong,pdfplumber,True,305,35,3,"[37.354, 53.8882122, 555.4830000000001, 430.95169999999973]",1.0,ok,accept,False,0.9,parser_output_passed_quality_checks,False,False,,0,0,0.0,,False,,,0.0,,,False,False,False,False,False,False,False,,0.97,strong,text_context_body_heavy,0.0,0.0,,False,,| Substrate | ModelFig.2 | Catomconfigurationa 3 4 5 | | --- | --- | --- | | LL-rhamnulose | A | R S S | | 6-deoxy-DD-sorbose | A | Rb R S | | LL-xylulose | – | R S - | | LL-fructose | B | Sc R S | | LL-fuculose | A | Rd R S | | DD-ribulose
"9、α2,3SiaT酶改造及不同来源酶序列比对，An a2,3-Sialyltransferase from Photobacterium phosphoreum with Broad Substrate Scope Controlling Hydrolytic Activity by Directed Evolution.pdf",5,Table 1,Table1. PartialproteinsequencealignmentaroundresiduesinsubstratecontactforsialyltransferasesfromtheGT80 family;arrowsidentifypositionsse-,table_region_p5_38.8_67.0_556.5_276.6,"[38.7719994, 67.00001459999999, 556.5039673, 276.5700145999999]",0.75,strong,region_guided,False,1066,0,0,,0.0,body_text_contamination,shrink_bbox,True,0.65,region_confidence=0.75 | words=86 | many_long_lines_or_body_words,True,False,shrink_bbox,0,0,0.0,candidate produced no overlapping table chunk,False,,,0.0,,,False,False,False,False,False,False,False,,0.02,failed,no_parser_output | too_few_rows | too_few_cols | text_context_body_heavy,0.02,0.0,unchanged,False,no overlapping table chunk produced for this region,
"9、α2,3SiaT酶改造及不同来源酶序列比对，An a2,3-Sialyltransferase from Photobacterium phosphoreum with Broad Substrate Scope Controlling Hydrolytic Activity by Directed Evolution.pdf",6,Table 2,"Table2. Apparentconditionalsteady-statekineticparametersforvariantsofa2,3-SiaT .[a]",table_region_p6_38.8_66.8_556.5_336.6,"[38.7719994, 66.79829299999994, 556.5040283, 336.55001459999994]",0.9,strong,region_guided,False,1066,0,0,,0.0,body_text_contamination,shrink_bbox,True,0.65,region_confidence=0.90 | words=213 | many_long_lines_or_body_words,True,True,shrink_bbox,8,11,1.0,,False,,,0.0,,,False,False,False,False,False,False,False,,0.07,failed,no_parser_output | too_few_rows | too_few_cols | text_context_body_heavy,0.886,0.816,improved,True,no overlapping table chunk produced for this region,
"9、α2,3SiaT酶改造及不同来源酶序列比对，An a2,3-Sialyltransferase from Photobacterium phosphoreum with Broad Substrate Scope Controlling Hydrolytic Activity by Directed Evolution.pdf",7,Table 3,"Table3. Apparentconditionalsteady-statekineticparametersforcombineda2,3-SiaT variants.[a]",table_region_p7_38.8_66.8_556.5_432.5,"[38.7719994, 66.79829299999994, 556.5040283, 432.47001459999996]",0.9,strong,region_guided,True,1066,20,11,"[46.77, 89.13001459999998, 548.4781, 420.4900146]",1.0,ok,accept,False,0.9,parser_output_passed_quality_checks,False,False,,0,0,0.0,,False,,,0.0,,,False,False,False,False,False,False,False,,0.922,strong,text_context_body_heavy,0.0,0.0,,False,,"| Neu5Aco | veraprol | onged | reaction | period,wh | ichfavorsche | mi- | Quantificatio | nofhydrolyticactivity | bypreparativ | esynthesis | | --- | --- | --- | --- | --- | --- | --- | --- | --- | --- | --- | | cal backg | round hyd | rol"
"9、α2,3SiaT酶改造及不同来源酶序列比对，An a2,3-Sialyltransferase from Photobacterium phosphoreum with Broad Substrate Scope Controlling Hydrolytic Activity by Directed Evolution.pdf",10,Table S5,TableS5). All solutions were carefully adjusted to pH8.0 and tem- tionofinorganicpyrophosphatase(10U)thereactionmixturewas,table_region_p10_38.8_145.1_560.8_602.6,"[38.77, 145.08001460000003, 560.7550049, 602.6080016999999]",0.65,strong,region_guided,False,1066,0,0,,0.0,body_text_contamination,shrink_bbox,True,0.65,region_confidence=0.65 | words=422 | many_long_lines_or_body_words,True,False,shrink_bbox,0,0,0.0,candidate produced no overlapping table chunk,False,,,0.0,,,False,False,False,False,False,False,False,,0.07,failed,no_parser_output | too_few_rows | too_few_cols | text_context_body_heavy,0.07,0.0,unchanged,False,no overlapping table chunk produced for this region,
"9、α2,3SiaT酶改造及不同来源酶序列比对，An a2,3-Sialyltransferase from Photobacterium phosphoreum with Broad Substrate Scope Controlling Hydrolytic Activity by Directed Evolution.pdf",5,Table 1,Table1. PartialproteinsequencealignmentaroundresiduesinsubstratecontactforsialyltransferasesfromtheGT80 family;arrowsidentifypositionsse-,table_region_p5_38.8_67.0_556.5_276.6,"[38.7719994, 67.00001459999999, 556.5039673, 276.5700145999999]",0.75,strong,pdfplumber,False,1087,0,0,,0.0,body_text_contamination,shrink_bbox,True,0.65,region_confidence=0.75 | words=86 | many_long_lines_or_body_words,True,False,shrink_bbox,0,0,0.0,candidate produced no overlapping table chunk,False,,,0.0,,,False,False,False,False,False,False,False,,0.02,failed,no_parser_output | too_few_rows | too_few_cols | text_context_body_heavy,0.02,0.0,unchanged,False,no overlapping table chunk produced for this region,
"9、α2,3SiaT酶改造及不同来源酶序列比对，An a2,3-Sialyltransferase from Photobacterium phosphoreum with Broad Substrate Scope Controlling Hydrolytic Activity by Directed Evolution.pdf",6,Table 2,"Table2. Apparentconditionalsteady-statekineticparametersforvariantsofa2,3-SiaT .[a]",table_region_p6_38.8_66.8_556.5_336.6,"[38.7719994, 66.79829299999994, 556.5040283, 336.55001459999994]",0.9,strong,pdfplumber,False,1087,0,0,,0.0,body_text_contamination,shrink_bbox,True,0.65,region_confidence=0.90 | words=213 | many_long_lines_or_body_words,True,True,shrink_bbox,8,11,1.0,,False,,,0.0,,,False,False,False,False,False,False,False,,0.07,failed,no_parser_output | too_few_rows | too_few_cols | text_context_body_heavy,0.886,0.816,improved,True,no overlapping table chunk produced for this region,
"9、α2,3SiaT酶改造及不同来源酶序列比对，An a2,3-Sialyltransferase from Photobacterium phosphoreum with Broad Substrate Scope Controlling Hydrolytic Activity by Directed Evolution.pdf",7,Table 3,"Table3. Apparentconditionalsteady-statekineticparametersforcombineda2,3-SiaT variants.[a]",table_region_p7_38.8_66.8_556.5_432.5,"[38.7719994, 66.79829299999994, 556.5040283, 432.47001459999996]",0.9,strong,pdfplumber,True,1087,20,11,"[46.77, 89.13001459999998, 548.4781, 420.4900146]",1.0,ok,accept,False,0.9,parser_output_passed_quality_checks,False,False,,0,0,0.0,,False,,,0.0,,,False,False,False,False,False,False,False,,0.922,strong,text_context_body_heavy,0.0,0.0,,False,,"| Neu5Aco | veraprol | onged | reaction | period,wh | ichfavorsche | mi- | Quantificatio | nofhydrolyticactivity | bypreparativ | esynthesis | | --- | --- | --- | --- | --- | --- | --- | --- | --- | --- | --- | | cal backg | round hyd | rol"
"9、α2,3SiaT酶改造及不同来源酶序列比对，An a2,3-Sialyltransferase from Photobacterium phosphoreum with Broad Substrate Scope Controlling Hydrolytic Activity by Directed Evolution.pdf",10,Table S5,TableS5). All solutions were carefully adjusted to pH8.0 and tem- tionofinorganicpyrophosphatase(10U)thereactionmixturewas,table_region_p10_38.8_145.1_560.8_602.6,"[38.77, 145.08001460000003, 560.7550049, 602.6080016999999]",0.65,strong,pdfplumber,False,1087,0,0,,0.0,body_text_contamination,shrink_bbox,True,0.65,region_confidence=0.65 | words=422 | many_long_lines_or_body_words,True,False,shrink_bbox,0,0,0.0,candidate produced no overlapping table chunk,False,,,0.0,,,False,False,False,False,False,False,False,,0.07,failed,no_parser_output | too_few_rows | too_few_cols | text_context_body_heavy,0.07,0.0,unchanged,False,no overlapping table chunk produced for this region,
枯草芽孢杆菌中高效响应N-乙酰神经氨酸生物传感器的构建.pdf,4,Table 2,Table 2 Plasmids used in this study,table_region_p4_57.2_372.9_555.2_782.0,"[57.22, 372.89629999999994, 555.2, 781.9623]",1.0,strong,region_guided,True,344,22,3,"[57.22, 372.89629999999994, 555.2, 781.9623]",1.0,ok,accept,False,0.9,parser_output_passed_quality_checks,False,False,,0,0,0.0,,False,,,0.0,,,False,False,False,False,False,False,False,,0.97,strong,text_context_body_heavy,0.0,0.0,,False,,| Plasmids | Descriptions | Sources | | --- | --- | --- | | pHT01 | Expression vector | Lab store | | p7S6P43 | p7S6 containing P43 promoter | [7] | | p7S6P1 | p7S6 containing PxpaC promoter | Lab store | | p7S6P2 | p7S6 containing PyceC pr
枯草芽孢杆菌中高效响应N-乙酰神经氨酸生物传感器的构建.pdf,6,Table 3,Table 3 Primers used in this study,table_region_p6_57.2_113.2_555.2_782.0,"[57.22, 113.15639999999996, 555.2, 781.9623]",1.0,strong,region_guided,True,344,13,6,"[65.19804000000008, 117.15639999999996, 546.8424960000001, 757.9623]",1.0,header_or_span_complexity,retry_text_strategy,True,0.65,structural_quality:low_consistency,True,True,retry_text_strategy,13,6,1.0,,False,,,0.0,,,False,False,False,False,False,False,False,,0.705,usable,low_consistency,0.705,0.0,unchanged,False,,| Primer na | mes | Primer sequences (5′→3′) |  | Used for |  | | --- | --- | --- | --- | --- | --- | | ydbD-1f |  | ATCAAGAAATCGGCCGAAAAGGCG |  | Construction | of | | ydbD-1r |  | CTGTTTCCTGTGTGAAATTGTTATCCGCTCGGCTTTGATTATGCCTTCAGAACCG | 
枯草芽孢杆菌中高效响应N-乙酰神经氨酸生物传感器的构建.pdf,7,Table 4,Table 4 Promoter sequence used in this study,table_region_p7_57.2_113.3_555.2_781.0,"[57.22, 113.27639999999997, 555.2, 780.951]",1.0,strong,region_guided,True,344,44,2,"[65.22, 133.45539999999994, 547.278, 719.7843]",1.0,header_or_span_complexity,retry_text_strategy,True,0.65,structural_quality:low_consistency,True,True,retry_text_strategy,44,2,1.0,,False,,,0.0,,,False,False,False,False,False,False,False,,0.938,strong,low_consistency,0.938,0.0,unchanged,False,,| Promoters | Sequences (5′→3′) | | --- | --- | | Pveg | TTATTAACGTTGATATAATTTAAATTTTATTTGACAAAAATGGGCTCGTGTTGTACAATAAATGT | | P43 | TCTTACATTTATTTTACATTTTTAGAAATGGGCGTGAAAAAAAGCGCGCGATTATGTAAAATATAAAGTGATA | |  | GCGGTACCATTATAG | | Pm1 | 
枯草芽孢杆菌中高效响应N-乙酰神经氨酸生物传感器的构建.pdf,4,Table 2,Table 2 Plasmids used in this study,table_region_p4_57.2_372.9_555.2_782.0,"[57.22, 372.89629999999994, 555.2, 781.9623]",1.0,strong,pdfplumber,True,404,22,3,"[57.22, 372.89629999999994, 555.2, 781.9623]",1.0,ok,accept,False,0.9,parser_output_passed_quality_checks,False,False,,0,0,0.0,,False,,,0.0,,,False,False,False,False,False,False,False,,0.97,strong,text_context_body_heavy,0.0,0.0,,False,,| Plasmids | Descriptions | Sources | | --- | --- | --- | | pHT01 | Expression vector | Lab store | | p7S6P43 | p7S6 containing P43 promoter | [7] | | p7S6P1 | p7S6 containing PxpaC promoter | Lab store | | p7S6P2 | p7S6 containing PyceC pr
枯草芽孢杆菌中高效响应N-乙酰神经氨酸生物传感器的构建.pdf,6,Table 3,Table 3 Primers used in this study,table_region_p6_57.2_113.2_555.2_782.0,"[57.22, 113.15639999999996, 555.2, 781.9623]",1.0,strong,pdfplumber,True,404,13,6,"[65.19804000000008, 117.15639999999996, 546.8424960000001, 757.9623]",1.0,header_or_span_complexity,retry_text_strategy,True,0.65,structural_quality:low_consistency,True,True,retry_text_strategy,13,6,1.0,,False,,,0.0,,,False,False,False,False,False,False,False,,0.705,usable,low_consistency,0.705,0.0,unchanged,False,,| Primer na | mes | Primer sequences (5′→3′) |  | Used for |  | | --- | --- | --- | --- | --- | --- | | ydbD-1f |  | ATCAAGAAATCGGCCGAAAAGGCG |  | Construction | of | | ydbD-1r |  | CTGTTTCCTGTGTGAAATTGTTATCCGCTCGGCTTTGATTATGCCTTCAGAACCG | 
枯草芽孢杆菌中高效响应N-乙酰神经氨酸生物传感器的构建.pdf,7,Table 4,Table 4 Promoter sequence used in this study,table_region_p7_57.2_113.3_555.2_781.0,"[57.22, 113.27639999999997, 555.2, 780.951]",1.0,strong,pdfplumber,True,404,44,2,"[65.22, 133.45539999999994, 547.278, 719.7843]",1.0,header_or_span_complexity,retry_text_strategy,True,0.65,structural_quality:low_consistency,True,True,retry_text_strategy,44,2,1.0,,False,,,0.0,,,False,False,False,False,False,False,False,,0.938,strong,low_consistency,0.938,0.0,unchanged,False,,| Promoters | Sequences (5′→3′) | | --- | --- | | Pveg | TTATTAACGTTGATATAATTTAAATTTTATTTGACAAAAATGGGCTCGTGTTGTACAATAAATGT | | P43 | TCTTACATTTATTTTACATTTTTAGAAATGGGCGTGAAAAAAAGCGCGCGATTATGTAAAATATAAAGTGATA | |  | GCGGTACCATTATAG | | Pm1 | 
Generation of an E. coli platform strain for improved sucrose utilization using adaptive laboratory evolution.pdf,5,Table 1,Table 1 Properties of the ALE experiments end point a time coordinate as it accounts for variability due to a,table_region_p5_48.7_84.6_546.7_747.6,"[48.692901611, 84.58261376999997, 546.708014648, 747.601000611]",0.9,strong,region_guided,True,573,27,12,"[56.69219970999998, 89.52400043999995, 538.6049615997691, 719.701403443]",1.0,header_or_span_complexity,retry_text_strategy,True,0.65,structural_quality:low_consistency,True,True,retry_text_strategy,27,12,1.0,,False,,,0.0,,,False,False,False,False,False,False,False,,0.655,usable,low_consistency | text_context_body_heavy,0.655,0.0,unchanged,False,,| AL | E experiment | Strain T | otal CCD | x1012 | Ratio of fit | ness |  | the next [29]. |  |  |  | | --- | --- | --- | --- | --- | --- | --- | --- | --- | --- | --- | --- | |  |  | (population) |  |  | increase to | start |  | The obser
Generation of an E. coli platform strain for improved sucrose utilization using adaptive laboratory evolution.pdf,6,Table 2,Table 2 Physiological data for the evolved isolates on sucrose M9 medium and sugarcane juice M9 minimal medium (SCJ,table_region_p6_48.7_84.6_546.6_353.4,"[48.692901611, 84.58261376999997, 546.582305907, 353.4450000000001]",0.6,gray,region_guided,True,573,11,14,"[56.68861217099976, 88.58261376999997, 484.43950161099986, 347.055986084]",1.0,header_or_span_complexity,retry_text_strategy,True,0.65,structural_quality:low_consistency,True,True,retry_text_strategy,11,14,1.0,,False,,,0.0,,,False,False,False,False,False,False,False,,0.654,usable,low_consistency | text_context_body_heavy,0.654,0.0,unchanged,False,,"|  |  |  | Growt μ (h 1 | h rate, Gro ) on M9 μ (h | wth rate, 1) | Final densit | y | Sucro uptak | se e |  | Acetate production | Bioma Y , (g | ss yield, CDW g | | --- | --- | --- | --- | --- | --- | --- | --- | --- | --- | --- | --- | -"
Generation of an E. coli platform strain for improved sucrose utilization using adaptive laboratory evolution.pdf,8,Table 3,Table 3 Key mutations found after evolution of E. coli on sucrose,table_region_p8_48.7_84.6_543.5_703.2,"[48.692901611, 84.58261376999997, 543.4839673839438, 703.202006104]",0.9,strong,region_guided,True,573,4,13,"[56.6287328509996, 88.58261376999997, 533.6840943999439, 702.0560013429999]",1.0,header_or_span_complexity,retry_text_strategy,True,0.65,structural_quality:low_consistency,True,True,retry_text_strategy,4,13,1.0,,False,,,0.0,,,False,False,False,False,False,False,False,,0.579,suspicious,low_consistency | low_fill | low_fill_rate | text_context_body_heavy,0.579,0.0,unchanged,False,,| Strain |  | Gene | Mutation |  |  | Mutation type F | unction | Number | S | ample ID (fr | eque | nc | | --- | --- | --- | --- | --- | --- | --- | --- | --- | --- | --- | --- | --- | |  |  | or genetic |  |  |  |  |  | of independent | o
Generation of an E. coli platform strain for improved sucrose utilization using adaptive laboratory evolution.pdf,10,Table 4,Table 4 Source of key mutations validated for causality in isolated strains from the current study or constructed,table_region_p10_48.7_84.6_546.6_621.5,"[48.692901611, 84.58261376999997, 546.5547012264477, 621.4944790039999]",0.75,strong,region_guided,True,573,16,10,"[56.69289829099989, 88.58261376999997, 521.3571005847363, 610.9111492900929]",1.0,header_or_span_complexity,retry_text_strategy,True,0.65,structural_quality:low_consistency,True,True,retry_text_strategy,16,10,1.0,,False,,,0.0,,,False,False,False,False,False,False,False,,0.606,usable,low_consistency | text_context_body_heavy,0.606,0.0,unchanged,False,,| Table 4 Source | of key | mutations validat | ed for ca | us | ality in | isolated strains from the curre | nt study o | r con | stru | | --- | --- | --- | --- | --- | --- | --- | --- | --- | --- | | previously from | Lacroix | et al. [22
Generation of an E. coli platform strain for improved sucrose utilization using adaptive laboratory evolution.pdf,5,Table 1,Table 1 Properties of the ALE experiments end point a time coordinate as it accounts for variability due to a,table_region_p5_48.7_84.6_546.7_747.6,"[48.692901611, 84.58261376999997, 546.708014648, 747.601000611]",0.9,strong,pdfplumber,True,635,27,12,"[56.69219970999998, 89.52400043999995, 538.6049615997691, 719.701403443]",1.0,header_or_span_complexity,retry_text_strategy,True,0.65,structural_quality:low_consistency,True,True,retry_text_strategy,27,12,1.0,,False,,,0.0,,,False,False,False,False,False,False,False,,0.655,usable,low_consistency | text_context_body_heavy,0.655,0.0,unchanged,False,,| AL | E experiment | Strain T | otal CCD | x1012 | Ratio of fit | ness |  | the next [29]. |  |  |  | | --- | --- | --- | --- | --- | --- | --- | --- | --- | --- | --- | --- | |  |  | (population) |  |  | increase to | start |  | The obser
Generation of an E. coli platform strain for improved sucrose utilization using adaptive laboratory evolution.pdf,6,Table 2,Table 2 Physiological data for the evolved isolates on sucrose M9 medium and sugarcane juice M9 minimal medium (SCJ,table_region_p6_48.7_84.6_546.6_353.4,"[48.692901611, 84.58261376999997, 546.582305907, 353.4450000000001]",0.6,gray,pdfplumber,True,635,11,14,"[56.68861217099976, 88.58261376999997, 484.43950161099986, 347.055986084]",1.0,header_or_span_complexity,retry_text_strategy,True,0.65,structural_quality:low_consistency,True,True,retry_text_strategy,11,14,1.0,,False,,,0.0,,,False,False,False,False,False,False,False,,0.654,usable,low_consistency | text_context_body_heavy,0.654,0.0,unchanged,False,,"|  |  |  | Growt μ (h 1 | h rate, Gro ) on M9 μ (h | wth rate, 1) | Final densit | y | Sucro uptak | se e |  | Acetate production | Bioma Y , (g | ss yield, CDW g | | --- | --- | --- | --- | --- | --- | --- | --- | --- | --- | --- | --- | -"
Generation of an E. coli platform strain for improved sucrose utilization using adaptive laboratory evolution.pdf,8,Table 3,Table 3 Key mutations found after evolution of E. coli on sucrose,table_region_p8_48.7_84.6_543.5_703.2,"[48.692901611, 84.58261376999997, 543.4839673839438, 703.202006104]",0.9,strong,pdfplumber,True,635,4,13,"[56.6287328509996, 88.58261376999997, 533.6840943999439, 702.0560013429999]",1.0,header_or_span_complexity,retry_text_strategy,True,0.65,structural_quality:low_consistency,True,True,retry_text_strategy,4,13,1.0,,False,,,0.0,,,False,False,False,False,False,False,False,,0.579,suspicious,low_consistency | low_fill | low_fill_rate | text_context_body_heavy,0.579,0.0,unchanged,False,,| Strain |  | Gene | Mutation |  |  | Mutation type F | unction | Number | S | ample ID (fr | eque | nc | | --- | --- | --- | --- | --- | --- | --- | --- | --- | --- | --- | --- | --- | |  |  | or genetic |  |  |  |  |  | of independent | o
Generation of an E. coli platform strain for improved sucrose utilization using adaptive laboratory evolution.pdf,10,Table 4,Table 4 Source of key mutations validated for causality in isolated strains from the current study or constructed,table_region_p10_48.7_84.6_546.6_621.5,"[48.692901611, 84.58261376999997, 546.5547012264477, 621.4944790039999]",0.75,strong,pdfplumber,True,635,16,10,"[56.69289829099989, 88.58261376999997, 521.3571005847363, 610.9111492900929]",1.0,header_or_span_complexity,retry_text_strategy,True,0.65,structural_quality:low_consistency,True,True,retry_text_strategy,16,10,1.0,,False,,,0.0,,,False,False,False,False,False,False,False,,0.606,usable,low_consistency | text_context_body_heavy,0.606,0.0,unchanged,False,,| Table 4 Source | of key | mutations validat | ed for ca | us | ality in | isolated strains from the curre | nt study o | r con | stru | | --- | --- | --- | --- | --- | --- | --- | --- | --- | --- | | previously from | Lacroix | et al. [22
